Test-1,Test-2,Test-3,Test-4,Test-5,Test-6,Test-7,Test-8,Test-9,Test-10,Test-11,Test-12,Test-13,Test-14,Test-15,Test-16,Test-17,Test-18,Test-19,Test-20,Test-21,Test-22,Test-23,Test-24,Test-25,Test-26,Test-27,Test-28,Test-29,Test-30,Test-31,Test-32,Test-33,Test-34
781.98,1279.05,2957.76,2585.54,932.25,674.72,2898.06,4215.35,2948.07,5436.08,2099.99,783.31,5705.56,1681.52,5116.36,6641.15,5198.75,13687.68,6732.05,733.77,2316.91,2175.84,230.06,4785.36,6834.77,6041.02,2285.76,559.5,806.16,3191.97,1344.03,2957.66,2810.35,3649.85
781.98,1279.05,2957.76,2585.54,932.25,674.72,2898.06,4215.35,2948.07,5436.08,2099.99,783.31,5705.56,1681.52,5116.36,6641.15,5198.75,13687.68,6732.05,733.77,2316.91,2175.84,230.06,4785.36,6834.77,6041.02,2285.76,559.5,806.16,3191.97,1344.03,2957.66,2810.35,3649.85
781.98,1279.05,2957.76,2585.54,932.25,674.72,2898.06,4215.35,2948.07,5436.08,2099.99,783.31,5705.56,1681.52,5116.36,6641.15,5198.75,13687.68,6732.05,733.77,2316.91,2175.84,230.06,4785.36,6834.77,6041.02,2285.76,559.5,806.16,3191.97,1344.03,2957.66,2810.35,3649.85
781.98,1279.05,2957.76,2585.54,932.25,674.72,2898.06,4215.35,2948.07,5436.08,2099.99,783.31,5705.56,1681.52,5116.36,6641.15,5198.75,13687.68,6732.05,733.77,2316.91,2175.84,230.06,4785.36,6834.77,6041.02,2285.76,559.5,806.16,3191.97,1344.03,2957.66,2810.35,3649.85
778.38,1280.77,2916.71,2575.33,920.29,670.87,2859.34,4182.91,2912.05,5355.24,2069.71,770.85,5575.54,1662.05,5030.41,6528.58,5097.0,13516.5,6702.99,724.35,2300.35,2154.49,227.78,4754.46,6784.77,5938.03,2272.3,550.17,790.49,3154.72,1324.85,2917.57,2783.05,3599.29
780.78,1283.88,2919.72,2582.19,921.13,671.87,2858.76,4194.43,2925.96,5371.34,2072.25,770.98,5575.54,1661.98,5033.08,6531.13,5097.47,13531.65,6709.14,725.48,2309.1,2159.09,227.99,4764.02,6798.44,5941.12,2276.73,550.39,790.09,3159.84,1325.06,2919.6,2785.67,3605.73
782.31,1271.78,2922.92,2586.66,922.57,672.35,2869.4,4209.67,2919.94,5380.5,2074.81,771.71,5576.23,1665.48,5035.06,6539.8,5099.04,13554.31,6718.42,727.05,2314.94,2156.6,229.01,4781.9,6823.24,5950.7,2282.72,551.08,791.03,3175.36,1326.79,2921.96,2794.15,3608.02
781.15,1272.99,2915.1,2581.86,921.62,673.64,2862.15,4190.53,2918.89,5362.08,2070.35,772.28,5516.26,1661.19,4977.93,6478.93,5067.74,13557.93,6697.87,726.32,2312.94,2160.93,229.0,4782.89,6778.21,5948.47,2279.93,549.74,791.95,3172.09,1319.44,2931.52,2777.05,3592.04
780.66,1271.29,2915.58,2582.14,920.42,674.11,2861.07,4196.4,2919.48,5352.76,2071.36,772.68,5558.09,1659.57,4979.13,6491.8,5075.12,13564.18,6694.1,726.26,2315.25,2163.24,228.91,4781.53,6780.06,5978.17,2284.06,550.11,792.14,3171.88,1320.06,2935.35,2776.18,3598.37
780.28,1278.64,2918.69,2580.08,921.04,673.88,2864.49,4189.04,2917.66,5361.14,2070.66,773.16,5579.5,1659.52,4979.64,6493.74,5073.64,13537.53,6679.08,725.78,2311.24,2158.23,228.97,4778.4,6772.89,5989.95,2279.45,551.08,793.43,3176.2,1319.5,2928.33,2778.6,3602.18
779.01,1278.03,2914.27,2577.98,920.91,673.12,2866.69,4189.11,2908.59,5356.79,2067.51,772.41,5565.77,1659.52,4977.66,6482.58,5065.3,13533.28,6676.2,724.96,2309.63,2156.73,228.61,4772.76,6749.91,5992.87,2278.21,551.16,792.02,3173.63,1322.92,2924.99,2778.67,3596.09
779.95,1289.47,2925.64,2578.83,922.81,674.93,2872.93,4183.57,2926.02,5368.69,2074.25,775.89,5593.8,1663.13,4976.64,6482.91,5074.05,13545.5,6688.96,726.89,2309.74,2161.58,228.54,4775.85,6750.62,6014.79,2278.01,552.34,793.46,3181.32,1325.58,2930.8,2779.48,3598.4
780.35,1284.32,2927.12,2580.16,923.29,674.78,2869.98,4181.49,2920.67,5374.1,2072.38,775.04,5578.18,1662.96,4974.53,6481.17,5077.02,13547.74,6687.96,726.01,2310.14,2158.93,228.41,4783.78,6755.1,6015.91,2280.36,552.07,793.31,3180.14,1325.32,2932.68,2781.8,3599.08
780.53,1283.16,2928.46,2581.48,924.3,674.48,2872.31,4183.27,2920.74,5367.64,2072.9,774.76,5577.47,1663.19,4974.31,6475.95,5070.54,13553.43,6690.75,726.14,2309.75,2158.24,228.06,4781.46,6742.31,6023.76,2280.52,552.3,792.88,3181.82,1324.18,2936.54,2776.94,3602.04
782.25,1291.39,2933.44,2585.98,925.08,675.19,2880.42,4191.09,2936.51,5370.8,2080.68,775.72,5610.74,1665.4,4988.89,6489.07,5085.39,13571.24,6700.25,728.91,2312.39,2162.78,228.32,4786.22,6759.26,6042.02,2280.36,553.66,794.22,3188.92,1328.11,2939.78,2780.51,3608.54
782.04,1293.01,2936.24,2585.69,923.67,676.54,2879.52,4191.91,2944.55,5371.87,2081.77,776.08,5616.87,1664.85,4992.18,6488.86,5080.8,13585.83,6707.55,731.09,2312.8,2170.23,228.15,4792.26,6757.4,6061.17,2282.78,552.74,794.07,3185.43,1326.77,2938.51,2783.8,3610.62
781.96,1300.14,2939.3,2583.55,925.85,677.35,2884.71,4187.99,2954.77,5379.28,2087.87,778.03,5634.94,1666.67,5003.71,6501.69,5083.86,13575.1,6728.09,732.46,2312.05,2181.0,227.73,4792.94,6758.09,6083.67,2279.14,555.01,796.37,3189.48,1330.08,2941.62,2781.56,3616.77
783.06,1296.79,2942.57,2586.15,926.27,678.15,2887.42,4198.44,2954.98,5379.58,2087.85,777.89,5635.42,1668.46,5008.34,6514.32,5088.42,13597.86,6750.96,733.15,2314.81,2176.94,227.91,4798.73,6766.71,6087.85,2281.79,555.02,797.3,3194.23,1334.54,2944.62,2787.53,3619.26
782.4,1297.49,2942.38,2581.92,926.29,676.44,2885.3,4193.05,2953.83,5369.54,2087.63,777.1,5643.59,1668.49,5016.24,6520.51,5084.77,13587.78,6747.2,731.95,2311.61,2171.31,227.74,4792.02,6774.9,6074.37,2281.21,555.45,797.26,3190.46,1333.37,2938.03,2785.74,3619.91
783.72,1300.56,2951.42,2586.49,927.63,677.14,2888.45,4199.23,2968.48,5380.63,2089.88,778.5,5643.77,1670.89,5016.25,6522.03,5093.3,13607.33,6779.77,735.6,2316.2,2176.04,228.33,4798.27,6784.4,6094.67,2284.94,557.38,800.82,3206.15,1337.8,2948.38,2793.38,3625.53
785.45,1299.54,2952.1,2596.54,928.68,677.62,2890.48,4215.95,2967.83,5389.14,2089.83,779.18,5619.75,1670.54,5018.9,6525.4,5100.21,13648.21,6773.48,735.7,2326.55,2172.62,229.02,4811.7,6805.75,6096.91,2294.49,556.96,801.03,3210.14,1339.08,2956.04,2807.18,3629.06
784.85,1299.21,2951.11,2595.13,929.4,677.66,2892.6,4215.93,2963.46,5380.65,2091.5,779.13,5614.5,1671.27,5021.2,6537.6,5090.42,13686.67,6776.86,735.53,2325.87,2174.18,228.65,4811.83,6798.06,6107.16,2294.07,556.06,799.64,3204.24,1338.51,2953.34,2806.85,3630.8
783.87,1300.7,2958.65,2589.79,930.43,678.13,2897.55,4207.07,2971.96,5390.87,2097.66,780.27,5639.42,1673.96,5031.28,6545.56,5092.6,13680.81,6766.74,734.46,2321.53,2179.67,228.11,4812.23,6795.58,6115.35,2287.89,557.3,799.87,3204.65,1337.54,2948.93,2802.65,3632.38
784.6,1294.81,2958.75,2591.7,929.84,678.36,2891.78,4206.03,2972.65,5394.66,2098.14,780.27,5641.2,1674.41,5026.57,6538.37,5099.67,13684.08,6756.65,735.29,2324.23,2180.77,228.33,4817.59,6792.1,6116.78,2288.25,556.93,800.38,3207.26,1338.46,2954.12,2803.08,3631.53
784.26,1289.71,2955.53,2587.78,929.31,677.67,2891.7,4201.29,2967.31,5387.43,2097.15,779.91,5661.96,1672.89,5039.54,6551.36,5097.08,13676.59,6766.09,733.53,2321.3,2177.85,228.22,4810.21,6795.39,6114.86,2285.79,557.74,800.38,3207.22,1335.87,2955.18,2803.25,3632.21
784.34,1287.15,2954.9,2591.79,928.66,678.14,2891.96,4210.63,2961.9,5379.35,2094.05,779.2,5636.62,1671.19,5028.07,6546.75,5093.28,13683.95,6773.33,734.27,2323.67,2174.32,228.55,4813.96,6796.45,6104.98,2290.21,557.5,801.31,3211.2,1337.27,2960.44,2808.34,3631.08
784.77,1286.77,2954.75,2593.95,928.6,678.25,2893.8,4213.14,2963.34,5377.82,2094.22,779.22,5629.59,1670.88,5026.45,6542.43,5088.68,13676.72,6774.32,734.1,2325.74,2174.68,228.57,4813.0,6795.63,6103.52,2290.58,557.62,801.74,3213.06,1338.0,2962.22,2804.16,3628.87
784.83,1286.98,2950.56,2595.38,926.8,677.69,2890.26,4212.73,2957.84,5367.79,2089.71,777.99,5614.01,1669.09,5015.24,6528.46,5081.29,13657.72,6761.48,733.49,2326.16,2176.25,228.6,4815.64,6787.59,6091.43,2289.98,556.2,799.26,3204.41,1335.2,2956.75,2800.54,3625.73
784.69,1286.82,2952.47,2594.5,927.45,678.48,2893.88,4213.14,2960.54,5379.15,2092.15,778.39,5637.92,1670.1,5023.92,6536.56,5087.51,13649.07,6759.79,734.37,2326.58,2177.52,228.5,4822.24,6787.48,6095.47,2289.59,556.65,800.1,3203.62,1336.07,2957.73,2799.37,3628.54
783.92,1287.11,2950.7,2592.67,927.04,678.21,2891.84,4205.17,2956.82,5377.13,2091.24,778.06,5639.95,1668.48,5020.19,6529.88,5084.22,13638.22,6755.45,733.77,2324.71,2176.94,228.39,4821.49,6783.98,6094.95,2288.6,556.55,799.7,3199.86,1334.29,2954.03,2796.64,3626.25
783.44,1286.34,2947.94,2594.67,926.25,677.72,2891.5,4213.23,2955.38,5373.72,2088.38,777.7,5627.31,1666.22,5010.72,6526.21,5080.96,13642.1,6776.7,732.91,2326.54,2175.37,228.48,4821.16,6789.81,6091.5,2290.31,556.18,799.29,3198.7,1333.65,2955.22,2797.02,3626.01
783.21,1285.51,2945.8,2597.05,926.21,676.85,2890.54,4218.72,2955.99,5369.8,2085.84,777.06,5618.93,1665.55,5010.61,6526.9,5082.38,13646.47,6787.37,733.98,2327.96,2171.18,228.54,4819.79,6797.57,6101.17,2292.52,556.23,798.95,3198.1,1334.23,2956.6,2799.56,3625.29
783.12,1285.48,2945.56,2595.74,925.92,676.79,2891.56,4214.72,2952.82,5367.88,2084.36,777.05,5622.65,1665.38,5010.02,6524.1,5077.35,13647.11,6778.12,733.97,2328.09,2173.55,228.26,4821.01,6794.8,6108.03,2293.15,555.73,798.27,3194.15,1333.84,2953.52,2797.43,3623.93
782.56,1282.88,2942.74,2594.0,925.6,676.48,2890.57,4212.07,2947.66,5362.83,2083.22,776.6,5618.6,1664.8,5006.75,6524.58,5070.3,13651.25,6777.29,733.29,2326.73,2173.39,227.94,4820.07,6792.53,6103.89,2292.68,554.92,797.66,3190.78,1332.68,2950.83,2796.61,3620.98
782.62,1289.24,2947.54,2595.1,926.07,676.97,2890.81,4211.88,2953.21,5364.39,2085.38,777.38,5614.9,1663.45,5007.9,6523.3,5071.59,13657.32,6782.14,733.76,2327.92,2180.27,228.12,4824.3,6793.95,6114.49,2293.46,555.88,798.76,3195.83,1333.86,2951.66,2799.93,3621.96
782.83,1288.35,2948.31,2593.87,926.92,677.45,2894.61,4211.44,2956.45,5363.44,2085.99,778.5,5625.47,1664.48,5008.23,6524.98,5070.45,13659.76,6776.66,733.54,2325.88,2181.8,228.06,4827.47,6792.44,6118.29,2292.65,555.36,798.54,3194.2,1333.89,2952.82,2800.62,3626.31
782.8,1291.81,2955.09,2594.89,928.88,678.09,2897.9,4214.13,2964.62,5368.5,2092.57,779.58,5644.02,1667.09,5019.7,6534.23,5072.85,13663.74,6792.45,735.23,2326.41,2182.61,228.2,4833.31,6792.89,6135.44,2292.53,556.5,800.23,3199.2,1336.25,2955.61,2800.89,3628.54
782.97,1291.42,2954.06,2594.2,928.71,678.67,2898.85,4211.38,2964.45,5370.58,2093.97,779.91,5648.7,1668.04,5020.18,6533.75,5074.91,13671.55,6820.44,735.39,2327.06,2183.18,228.31,4837.0,6791.01,6133.97,2290.99,556.57,799.86,3198.77,1335.95,2953.99,2800.39,3630.87
782.99,1290.45,2953.26,2595.61,928.78,678.0,2899.4,4212.18,2962.84,5369.93,2093.75,780.36,5657.97,1667.6,5020.63,6536.13,5075.55,13673.1,6834.12,734.96,2327.74,2181.73,228.07,4839.45,6796.13,6129.94,2291.57,555.69,799.03,3194.63,1334.54,2953.32,2801.66,3630.18
783.87,1295.58,2956.39,2597.69,929.83,678.72,2901.83,4215.46,2972.66,5383.38,2096.19,781.57,5656.53,1668.2,5022.79,6537.29,5082.01,13678.62,6836.48,736.58,2329.81,2190.25,228.25,4843.6,6798.24,6141.11,2292.28,556.27,800.25,3204.79,1336.02,2956.43,2802.3,3634.78
783.46,1293.02,2954.17,2596.8,929.62,678.96,2900.26,4215.37,2970.61,5381.38,2094.83,782.05,5656.17,1668.05,5020.88,6535.43,5082.14,13686.87,6826.34,735.61,2329.27,2188.59,228.23,4841.61,6795.49,6148.37,2291.89,556.36,799.98,3202.55,1335.24,2954.88,2802.35,3632.53
783.6,1290.72,2951.41,2596.35,928.54,678.44,2897.39,4213.35,2963.95,5372.11,2092.2,781.14,5639.65,1666.26,5012.13,6528.76,5073.43,13677.92,6830.04,735.2,2329.73,2186.08,228.17,4843.32,6794.22,6135.98,2292.02,555.62,799.25,3200.86,1334.28,2953.02,2801.86,3630.39
783.96,1292.76,2952.35,2596.91,929.57,678.06,2898.55,4211.78,2963.07,5373.07,2093.31,781.25,5643.77,1667.47,5018.82,6536.1,5075.41,13677.03,6843.31,735.28,2329.23,2188.89,228.12,4843.08,6802.81,6141.54,2292.14,556.35,800.12,3202.82,1335.11,2951.67,2805.2,3631.49
783.67,1292.4,2954.24,2596.56,929.84,678.27,2898.73,4206.05,2966.64,5371.88,2093.96,781.79,5650.34,1668.17,5018.73,6542.06,5075.24,13677.82,6842.49,735.82,2328.49,2191.27,227.94,4842.94,6803.34,6144.83,2292.43,556.79,800.52,3204.57,1335.6,2953.61,2804.17,3630.53
783.88,1293.64,2952.52,2594.56,929.58,677.74,2895.76,4204.45,2966.42,5369.48,2092.88,781.11,5645.89,1666.43,5012.91,6536.27,5072.29,13671.43,6832.7,735.25,2328.17,2193.18,227.89,4843.54,6796.05,6136.56,2290.79,556.07,799.07,3201.75,1334.35,2951.09,2803.49,3629.21
784.18,1294.92,2952.99,2596.33,929.16,677.75,2894.48,4210.62,2967.38,5367.78,2091.33,780.49,5635.62,1666.25,5011.92,6531.58,5071.29,13661.0,6831.82,735.39,2330.67,2191.19,227.89,4842.83,6798.96,6133.83,2291.82,555.94,798.57,3201.71,1334.25,2954.58,2803.04,3631.35
784.06,1296.93,2953.57,2596.26,929.31,678.06,2896.18,4215.23,2971.28,5374.3,2091.4,780.67,5639.29,1665.93,5014.4,6536.16,5081.55,13674.59,6826.95,736.0,2331.79,2191.01,227.89,4843.59,6800.38,6140.45,2292.84,556.29,799.11,3203.01,1335.16,2956.57,2803.84,3632.21
783.32,1299.22,2950.05,2595.68,928.84,677.35,2894.83,4215.03,2967.52,5369.9,2087.86,779.66,5633.58,1665.47,5011.63,6538.49,5077.62,13675.53,6837.2,735.29,2331.61,2187.23,227.82,4839.38,6804.06,6135.77,2293.95,555.6,798.07,3200.6,1334.06,2957.36,2804.54,3630.63
783.41,1298.89,2951.18,2595.37,929.4,677.29,2896.91,4214.46,2969.6,5371.17,2088.99,780.02,5646.65,1665.99,5015.34,6543.03,5078.13,13677.13,6843.66,735.7,2331.06,2189.04,227.88,4837.77,6810.28,6135.82,2294.45,555.89,798.45,3201.12,1333.93,2955.93,2803.99,3631.28
783.79,1301.9,2953.5,2594.33,929.6,677.6,2898.59,4209.09,2976.66,5374.77,2090.69,780.64,5658.28,1666.36,5020.71,6545.38,5081.96,13670.07,6844.65,735.86,2330.13,2189.1,227.78,4835.65,6806.04,6139.79,2292.73,556.3,798.89,3201.72,1334.64,2955.89,2802.4,3633.4
783.69,1303.58,2956.46,2594.25,929.93,678.12,2900.57,4210.09,2981.77,5375.89,2091.87,780.94,5663.57,1666.89,5023.27,6545.58,5082.74,13671.02,6836.75,737.91,2330.57,2191.47,227.33,4837.94,6808.11,6144.7,2291.55,557.22,799.9,3205.15,1336.07,2957.21,2801.79,3633.6
783.39,1304.0,2954.73,2593.45,929.59,677.41,2898.73,4205.47,2979.9,5371.17,2090.03,780.76,5662.86,1666.1,5020.2,6542.01,5081.19,13654.62,6832.31,737.7,2330.29,2188.96,227.15,4834.04,6802.69,6141.59,2289.37,556.78,799.61,3203.33,1335.54,2954.1,2800.49,3633.25
784.0,1304.74,2956.36,2596.09,929.39,677.77,2898.75,4205.55,2984.93,5377.43,2091.05,780.49,5665.63,1668.06,5022.81,6547.08,5082.93,13651.95,6829.45,738.41,2331.68,2185.61,227.27,4833.29,6805.78,6144.52,2290.9,556.97,799.96,3203.17,1335.92,2956.62,2801.2,3632.67
783.32,1303.15,2952.63,2593.97,928.12,676.99,2892.45,4200.96,2980.24,5371.81,2086.56,779.49,5642.45,1665.97,5013.13,6533.89,5077.11,13629.94,6827.29,737.38,2330.37,2184.23,226.91,4831.84,6795.23,6129.57,2290.2,556.03,799.11,3201.79,1334.67,2952.38,2799.85,3628.4
783.75,1301.65,2953.51,2596.52,928.16,677.28,2892.85,4203.61,2978.14,5371.86,2086.15,779.09,5633.64,1664.66,5007.51,6527.09,5077.05,13628.05,6819.38,737.1,2330.31,2184.08,226.69,4831.98,6793.36,6127.98,2291.26,555.22,799.18,3201.82,1334.45,2952.97,2800.39,3625.25
784.0,1302.52,2951.8,2597.45,927.54,677.45,2890.61,4202.84,2976.49,5368.91,2083.4,779.33,5618.54,1663.0,4999.71,6516.04,5072.68,13625.33,6825.18,737.48,2332.73,2186.19,226.66,4832.88,6793.79,6121.34,2292.49,554.87,798.71,3202.68,1334.25,2950.87,2800.17,3626.1
784.01,1304.06,2953.6,2597.66,928.18,678.05,2895.57,4205.83,2983.9,5375.09,2086.19,779.83,5631.77,1663.68,5006.3,6524.52,5081.86,13638.45,6831.01,737.88,2333.02,2186.87,226.77,4835.39,6796.65,6134.71,2293.42,555.65,799.99,3208.45,1336.23,2952.52,2802.31,3628.15
783.76,1305.78,2952.66,2597.45,928.15,677.81,2895.56,4207.1,2984.12,5374.88,2086.22,779.93,5627.34,1663.5,5004.64,6520.52,5084.53,13635.8,6828.56,737.75,2333.11,2186.03,226.85,4835.39,6794.29,6133.73,2293.77,555.49,800.22,3207.38,1336.16,2950.94,2803.18,3627.99
783.76,1307.38,2951.62,2597.89,928.08,677.5,2893.62,4208.5,2983.89,5377.55,2085.11,779.84,5615.84,1662.26,4999.67,6513.96,5087.85,13622.8,6819.24,737.87,2333.74,2184.01,227.08,4832.44,6788.44,6131.66,2292.4,555.43,799.78,3207.81,1335.71,2950.33,2801.11,3627.13
783.83,1306.26,2951.95,2596.54,927.84,677.56,2892.46,4203.66,2981.51,5375.43,2085.41,779.66,5627.01,1662.03,5002.85,6517.78,5089.27,13626.2,6812.47,738.28,2332.57,2184.51,226.94,4830.72,6787.83,6132.96,2290.55,555.74,799.92,3206.13,1335.56,2946.95,2800.58,3629.42
784.07,1307.09,2953.91,2597.8,928.26,677.45,2894.42,4206.55,2982.73,5374.94,2087.04,779.75,5637.79,1662.98,5010.33,6525.58,5092.68,13644.75,6814.06,738.3,2333.24,2186.55,227.04,4832.23,6798.31,6136.5,2291.79,555.69,800.14,3205.85,1335.83,2946.33,2799.68,3630.6
783.99,1305.6,2950.87,2597.06,928.14,677.13,2893.21,4205.03,2980.24,5375.82,2085.8,779.42,5634.71,1662.05,5009.05,6523.88,5095.82,13646.0,6805.89,737.42,2332.79,2186.34,226.96,4833.32,6799.54,6131.76,2292.76,555.67,799.67,3207.95,1335.26,2944.87,2800.62,3628.85
784.12,1306.01,2951.06,2596.37,928.01,677.08,2893.03,4204.61,2980.55,5376.88,2085.26,779.29,5634.84,1662.15,5007.38,6519.64,5091.78,13648.62,6799.39,737.48,2331.74,2187.73,226.81,4831.04,6793.22,6131.24,2291.71,556.19,799.62,3207.31,1334.4,2944.05,2798.14,3626.71
784.21,1305.67,2952.05,2596.27,928.15,676.88,2893.06,4206.77,2979.61,5374.1,2085.84,778.82,5634.44,1662.25,5006.41,6523.14,5089.9,13649.85,6803.59,737.93,2331.67,2184.03,226.85,4830.67,6793.2,6125.81,2291.43,556.29,799.67,3205.96,1334.29,2943.54,2798.19,3629.04
784.33,1306.54,2953.38,2596.16,927.76,676.71,2894.88,4205.67,2981.18,5373.51,2086.61,778.93,5647.15,1663.69,5010.84,6526.53,5088.08,13659.72,6796.71,737.53,2330.91,2182.25,226.83,4828.66,6791.42,6131.87,2292.01,556.58,799.58,3204.96,1334.22,2945.06,2796.94,3629.23
785.15,1307.99,2955.54,2598.11,927.74,677.2,2897.75,4211.26,2987.16,5377.29,2087.77,779.42,5648.96,1664.16,5017.18,6532.94,5098.18,13673.08,6800.72,738.17,2331.76,2182.58,226.76,4832.71,6793.29,6140.81,2293.62,557.11,800.19,3206.6,1335.08,2946.36,2797.31,3633.89
785.13,1309.74,2955.08,2598.25,927.95,677.26,2897.85,4210.53,2988.18,5376.89,2088.23,779.5,5656.71,1664.63,5017.52,6536.63,5101.28,13690.5,6793.11,738.63,2331.21,2181.97,226.68,4833.72,6796.27,6142.22,2294.92,557.37,800.18,3206.31,1335.03,2945.83,2798.6,3633.01
785.04,1309.36,2953.98,2598.45,927.97,677.25,2897.16,4210.14,2989.7,5376.12,2086.84,779.57,5659.26,1663.78,5014.33,6534.08,5098.48,13679.07,6794.35,739.17,2330.67,2180.25,226.83,4833.58,6792.94,6141.41,2293.97,557.24,799.61,3206.22,1334.48,2944.94,2797.38,3632.4
785.19,1306.64,2954.62,2599.01,928.4,677.14,2898.58,4213.31,2987.92,5376.3,2087.41,780.01,5657.8,1664.79,5015.22,6535.92,5095.44,13679.12,6792.18,739.25,2331.07,2179.11,226.81,4834.54,6795.89,6140.57,2294.66,557.7,799.89,3207.82,1334.85,2945.67,2798.0,3632.25
785.48,1305.35,2956.57,2599.67,928.62,677.38,2898.75,4215.44,2985.62,5376.22,2087.82,779.96,5664.29,1665.24,5017.4,6539.18,5096.26,13680.47,6799.77,739.62,2331.4,2179.67,226.75,4833.4,6798.31,6141.61,2295.33,558.04,799.91,3207.37,1334.55,2946.46,2797.96,3635.13
785.62,1306.46,2958.91,2600.1,929.4,677.81,2902.72,4217.67,2988.07,5375.43,2090.15,780.12,5675.79,1666.52,5024.03,6546.82,5096.81,13693.98,6804.31,739.3,2332.16,2181.58,226.85,4834.68,6798.64,6148.62,2296.02,558.42,800.48,3207.13,1335.43,2947.15,2798.15,3637.66
786.06,1308.3,2961.36,2602.24,929.68,678.08,2905.56,4220.45,2991.92,5379.7,2092.23,780.49,5687.18,1667.03,5027.28,6551.69,5100.54,13707.04,6805.07,739.65,2334.69,2181.74,226.89,4837.08,6803.1,6155.78,2296.77,558.85,800.72,3209.1,1336.59,2949.66,2799.47,3642.21
786.14,1310.77,2962.62,2602.48,930.28,678.41,2907.04,4222.12,2995.84,5382.07,2094.56,780.94,5699.5,1668.61,5033.94,6555.86,5103.95,13721.07,6807.54,739.72,2335.01,2184.78,226.87,4838.35,6806.03,6158.76,2296.76,558.77,801.25,3209.63,1337.3,2949.62,2799.43,3641.18
785.96,1310.2,2962.47,2601.54,930.5,678.76,2909.04,4221.74,2995.59,5382.25,2096.06,781.33,5703.84,1668.81,5037.56,6560.08,5107.28,13736.19,6807.48,739.43,2334.61,2184.16,226.71,4838.22,6803.37,6158.8,2297.14,558.49,801.27,3208.2,1337.14,2949.46,2800.32,3642.96
786.22,1309.87,2965.37,2602.41,930.59,678.84,2910.75,4223.93,2994.03,5380.49,2096.78,781.45,5713.48,1668.76,5039.72,6563.08,5109.51,13740.47,6810.51,739.26,2334.36,2185.22,226.77,4835.36,6803.05,6163.78,2298.52,558.63,801.19,3208.01,1338.1,2949.58,2802.33,3644.27
786.46,1308.8,2965.96,2600.56,929.9,679.08,2910.02,4223.11,2993.82,5379.66,2095.95,780.93,5715.47,1668.39,5041.04,6564.2,5107.34,13739.61,6791.25,739.37,2333.36,2183.08,226.67,4833.17,6802.45,6162.58,2297.21,559.02,801.48,3209.08,1337.98,2948.8,2800.62,3643.88
786.15,1309.36,2962.56,2600.64,928.98,678.76,2905.78,4222.93,2992.98,5375.82,2094.01,779.87,5700.49,1666.78,5032.93,6552.93,5104.44,13722.86,6788.62,739.29,2333.54,2182.31,226.64,4832.34,6799.64,6156.02,2296.12,558.36,800.69,3206.19,1336.91,2948.62,2798.81,3640.31
786.41,1312.77,2964.61,2601.08,929.42,679.07,2909.24,4222.15,2997.27,5380.55,2094.22,780.15,5706.96,1667.58,5037.49,6556.97,5108.06,13734.23,6793.01,739.47,2333.9,2185.47,226.68,4832.35,6802.18,6163.12,2296.74,559.11,801.58,3208.56,1337.98,2949.1,2799.34,3643.18
786.16,1312.81,2964.93,2600.26,929.87,679.3,2910.67,4220.32,2996.2,5379.66,2094.76,780.44,5712.17,1667.2,5042.38,6560.03,5104.48,13734.13,6791.49,739.41,2333.17,2187.28,226.64,4833.13,6800.11,6163.85,2296.35,559.3,801.87,3208.22,1338.85,2950.09,2799.97,3644.37
786.53,1314.99,2967.13,2601.44,930.28,679.54,2913.47,4224.57,2998.53,5378.38,2097.12,780.79,5724.53,1668.96,5048.54,6568.74,5106.82,13747.67,6790.37,738.95,2332.89,2187.17,226.76,4833.52,6802.44,6164.39,2297.93,559.32,802.28,3211.26,1339.77,2950.59,2800.03,3644.73
786.77,1315.71,2967.65,2601.36,930.05,679.48,2911.89,4225.39,2998.32,5377.35,2096.96,780.49,5723.56,1669.28,5049.07,6567.23,5107.78,13737.03,6787.62,738.74,2332.46,2188.11,226.64,4834.27,6796.74,6162.14,2298.96,559.55,801.99,3210.5,1339.76,2955.63,2798.81,3644.0
786.7,1315.78,2967.39,2601.27,929.97,679.19,2910.48,4224.65,2996.9,5376.91,2095.94,780.49,5712.05,1668.47,5044.38,6561.65,5105.79,13731.43,6782.16,738.7,2331.82,2189.33,226.39,4834.27,6794.1,6161.29,2298.64,559.24,801.69,3209.23,1339.16,2955.71,2797.83,3643.73
786.58,1317.66,2967.4,2601.75,929.49,679.05,2910.15,4225.25,2997.35,5375.17,2095.45,780.39,5727.39,1668.17,5046.68,6562.95,5106.27,13732.76,6783.53,738.83,2331.59,2187.27,226.35,4831.43,6794.69,6165.34,2298.33,558.83,801.18,3207.14,1338.74,2953.3,2798.12,3644.01
785.93,1318.6,2967.35,2600.26,929.64,678.68,2910.82,4223.08,2995.77,5374.52,2095.79,779.87,5734.99,1668.4,5047.92,6565.4,5104.67,13731.95,6779.14,738.55,2329.29,2186.76,226.34,4832.24,6792.04,6166.66,2296.73,558.86,801.28,3207.39,1339.55,2953.18,2797.59,3644.5
785.88,1318.9,2968.2,2599.96,929.86,678.66,2915.78,4224.43,2998.74,5373.14,2097.01,780.14,5747.11,1669.48,5054.02,6570.57,5109.58,13738.57,6781.84,738.86,2328.43,2185.06,226.29,4831.49,6794.97,6166.48,2296.1,559.16,801.81,3208.52,1339.96,2952.59,2797.72,3646.21
786.01,1317.9,2967.14,2600.05,929.28,678.41,2914.31,4224.69,2996.7,5369.96,2095.15,780.09,5745.89,1668.99,5049.95,6567.82,5106.39,13739.19,6786.78,739.01,2329.06,2185.4,226.44,4829.57,6800.68,6165.27,2297.25,559.22,801.6,3208.5,1339.69,2951.43,2798.63,3645.84
785.81,1315.79,2967.96,2599.36,929.31,678.69,2915.13,4222.32,2993.88,5370.26,2095.64,780.29,5768.56,1668.64,5048.94,6567.99,5107.69,13738.97,6784.42,738.86,2328.86,2184.22,226.38,4829.53,6799.63,6164.75,2297.53,559.0,801.52,3206.68,1339.56,2951.87,2800.18,3644.0
785.68,1315.4,2968.71,2598.31,929.24,678.7,2913.95,4221.93,2994.94,5369.86,2095.67,780.09,5764.76,1668.47,5049.35,6567.61,5109.29,13735.11,6785.1,738.43,2327.95,2186.42,226.32,4829.86,6795.8,6166.61,2296.73,559.09,801.68,3207.38,1339.29,2950.46,2799.94,3644.73
785.7,1316.25,2971.49,2598.46,929.62,678.66,2915.04,4220.09,2996.47,5371.01,2096.73,780.47,5754.7,1668.52,5051.42,6565.52,5107.76,13735.62,6782.47,738.62,2326.51,2186.42,226.26,4829.49,6791.84,6170.32,2296.32,559.38,802.18,3209.43,1339.58,2951.2,2796.96,3646.02
785.55,1316.7,2971.16,2597.56,929.91,678.72,2915.37,4220.48,2995.16,5373.6,2096.95,780.18,5757.94,1669.32,5055.71,6571.91,5108.09,13743.12,6783.86,737.99,2325.81,2185.88,226.38,4828.03,6796.56,6168.34,2296.3,559.13,801.79,3207.83,1339.32,2950.07,2797.53,3647.27
785.14,1313.44,2971.47,2597.93,929.76,678.62,2911.63,4219.9,2991.3,5373.71,2097.17,779.79,5753.85,1668.72,5059.16,6574.54,5111.26,13747.51,6795.84,737.81,2326.11,2184.73,226.39,4826.96,6801.25,6164.67,2297.69,559.46,801.65,3208.17,1339.51,2949.62,2798.54,3647.26
785.0,1313.39,2971.4,2596.29,929.76,678.72,2910.29,4218.87,2990.68,5374.7,2097.78,779.95,5756.37,1668.85,5058.12,6573.07,5110.07,13744.74,6790.4,737.76,2324.23,2184.46,226.39,4825.94,6800.28,6158.68,2296.35,559.41,801.61,3208.11,1339.03,2947.12,2796.44,3645.67
785.33,1313.76,2972.92,2597.31,929.4,679.39,2910.76,4219.38,2992.89,5375.08,2098.21,779.95,5754.75,1668.88,5060.12,6573.68,5112.47,13747.35,6786.18,738.09,2324.03,2184.15,226.41,4828.25,6799.32,6159.52,2296.05,559.49,801.59,3209.24,1339.12,2947.59,2796.58,3645.69
785.22,1313.56,2972.13,2597.24,929.2,679.31,2909.75,4217.44,2992.5,5376.96,2097.28,779.86,5751.71,1668.04,5057.47,6569.31,5109.92,13732.88,6785.63,738.3,2324.02,2182.84,226.37,4827.18,6796.19,6154.29,2295.04,559.17,801.23,3208.27,1338.49,2947.57,2795.07,3643.16
785.12,1314.91,2973.27,2596.38,929.69,679.36,2911.25,4216.75,2993.81,5376.95,2098.56,779.78,5762.12,1668.65,5060.54,6573.08,5115.02,13738.65,6784.86,738.42,2323.47,2179.64,226.26,4825.97,6795.19,6159.59,2293.2,559.52,801.32,3208.74,1339.32,2947.6,2795.54,3645.88
785.21,1317.1,2975.64,2596.78,929.86,679.37,2910.34,4217.42,2996.97,5376.2,2099.14,780.32,5756.8,1668.68,5061.59,6570.97,5114.2,13734.46,6782.22,739.25,2322.78,2180.59,226.22,4826.7,6794.71,6162.17,2293.41,559.86,801.62,3211.31,1339.75,2948.09,2794.76,3645.51
785.51,1316.99,2975.65,2598.35,929.27,679.01,2905.97,4216.11,2997.19,5376.06,2098.76,780.11,5769.68,1669.09,5064.11,6574.16,5117.13,13742.21,6786.62,738.38,2321.9,2178.3,226.12,4827.67,6797.36,6161.43,2294.23,560.0,801.5,3210.61,1339.66,2949.12,2795.23,3647.43
785.61,1315.11,2976.27,2600.28,929.29,679.03,2905.99,4218.8,2994.13,5375.52,2098.5,780.13,5757.98,1669.33,5063.16,6572.67,5119.53,13750.11,6788.34,738.12,2324.38,2179.73,226.24,4828.27,6795.82,6156.2,2295.11,559.85,801.32,3210.03,1339.65,2949.37,2796.85,3646.31
785.65,1315.63,2975.64,2600.05,929.18,678.9,2905.83,4219.88,2992.48,5373.59,2098.14,780.13,5753.5,1668.92,5061.66,6572.96,5116.44,13753.09,6791.35,737.79,2324.94,2178.83,226.24,4827.9,6798.08,6151.52,2295.6,559.8,801.19,3209.03,1339.63,2947.77,2798.04,3644.63
785.4,1315.16,2974.12,2598.06,928.87,678.86,2903.61,4217.41,2991.56,5370.45,2096.02,780.08,5738.29,1667.47,5056.88,6565.09,5113.19,13748.48,6783.37,738.17,2324.66,2181.37,226.18,4826.01,6792.35,6144.91,2294.45,559.73,801.48,3207.7,1339.33,2947.2,2796.02,3641.46
784.99,1310.66,2971.11,2597.81,927.88,678.65,2900.63,4214.35,2986.08,5368.45,2093.02,779.34,5718.2,1666.04,5049.7,6557.85,5108.5,13741.73,6779.06,737.66,2324.87,2180.61,226.08,4825.11,6789.37,6140.8,2294.15,559.43,800.9,3206.68,1338.39,2946.08,2795.01,3640.54
785.01,1308.93,2971.66,2598.59,927.97,678.42,2898.91,4217.78,2984.01,5362.92,2091.31,778.95,5711.08,1665.15,5046.32,6552.72,5103.73,13742.67,6774.01,737.25,2325.95,2181.39,226.03,4826.12,6788.28,6139.49,2294.13,559.39,800.81,3207.42,1338.06,2946.65,2795.28,3638.21
784.39,1306.63,2969.86,2597.23,927.21,678.07,2896.84,4216.74,2981.43,5356.72,2089.33,778.11,5707.88,1664.58,5040.85,6549.01,5098.72,13740.95,6763.94,736.13,2324.21,2178.26,225.91,4825.48,6781.11,6133.1,2292.78,558.77,800.17,3204.7,1336.8,2945.16,2793.48,3634.55
785.27,1307.11,2971.2,2599.56,927.88,678.28,2899.82,4217.1,2985.22,5368.69,2089.59,778.17,5708.69,1664.79,5039.64,6547.16,5104.16,13734.5,6771.64,737.06,2326.32,2181.15,226.05,4826.65,6784.26,6135.42,2294.11,558.83,800.51,3206.06,1336.9,2946.26,2795.37,3637.17
785.24,1308.7,2972.34,2600.59,927.84,678.49,2900.21,4218.18,2985.6,5368.03,2090.93,777.28,5713.6,1665.4,5042.07,6551.05,5104.03,13742.9,6780.77,737.0,2325.84,2183.1,226.04,4828.32,6788.72,6136.07,2296.28,559.25,800.7,3208.28,1336.96,2946.9,2797.32,3638.88
785.0,1308.59,2971.57,2599.56,927.71,678.27,2900.73,4216.86,2985.33,5368.39,2091.91,777.26,5723.22,1665.37,5045.88,6554.73,5102.67,13739.31,6777.9,736.65,2325.16,2179.33,225.85,4827.77,6786.06,6134.49,2295.83,558.79,800.61,3205.85,1336.48,2944.64,2796.32,3637.94
784.69,1306.83,2970.88,2599.63,927.28,678.21,2896.64,4216.14,2983.81,5366.97,2090.64,776.92,5709.57,1664.33,5038.95,6548.43,5100.88,13736.31,6774.71,736.82,2324.29,2178.64,225.91,4825.98,6784.7,6128.38,2295.45,558.93,800.42,3205.9,1336.26,2945.38,2795.51,3635.94
784.87,1304.79,2970.79,2600.16,927.19,678.14,2895.24,4216.39,2980.58,5365.67,2089.63,776.82,5707.17,1663.67,5037.25,6548.37,5098.84,13738.01,6782.49,736.14,2325.03,2177.74,225.98,4827.66,6790.01,6124.1,2297.36,559.31,800.47,3207.14,1336.21,2944.74,2796.5,3636.18
785.56,1307.12,2974.93,2600.71,927.75,678.49,2897.12,4213.76,2985.23,5370.04,2091.14,777.94,5710.27,1665.47,5038.64,6549.6,5100.62,13739.05,6784.24,736.41,2326.05,2178.57,225.96,4830.41,6788.7,6127.7,2297.01,559.62,801.06,3209.29,1337.24,2946.72,2796.34,3636.85
785.31,1304.98,2973.48,2600.04,927.71,678.23,2896.06,4213.59,2984.83,5368.66,2089.87,777.59,5702.8,1664.49,5033.34,6544.97,5098.31,13724.35,6787.16,736.03,2325.64,2178.21,226.0,4827.41,6785.89,6119.93,2296.89,558.79,800.16,3204.08,1335.47,2945.06,2795.54,3635.03
785.68,1305.75,2971.65,2599.51,927.6,678.11,2895.28,4213.26,2985.9,5364.94,2089.3,777.4,5695.9,1663.79,5030.32,6541.9,5096.47,13719.26,6781.14,735.81,2325.66,2178.74,225.94,4826.01,6784.22,6117.13,2296.26,558.57,799.92,3203.04,1335.22,2944.67,2794.98,3635.41
785.99,1308.23,2974.04,2598.6,928.4,678.41,2896.78,4212.74,2989.55,5369.75,2090.94,777.9,5712.27,1664.53,5036.05,6544.91,5097.4,13724.87,6779.9,735.65,2324.48,2179.28,225.82,4827.64,6781.98,6122.34,2295.36,558.94,800.26,3204.25,1335.96,2944.9,2793.9,3635.89
786.18,1304.73,2975.13,2598.73,928.8,678.7,2897.91,4208.96,2985.98,5369.38,2091.85,778.21,5710.91,1665.15,5034.78,6543.65,5095.32,13722.97,6772.51,735.69,2323.67,2178.89,225.74,4832.34,6777.35,6119.05,2294.97,558.66,800.22,3203.63,1335.77,2943.33,2793.81,3633.55
785.92,1303.22,2974.98,2598.03,928.41,678.45,2897.8,4204.08,2983.43,5365.92,2091.05,777.9,5719.02,1664.9,5033.89,6543.2,5093.96,13722.46,6774.85,735.47,2322.93,2178.11,225.62,4828.39,6777.74,6119.95,2294.81,558.37,800.0,3201.72,1335.09,2940.91,2793.09,3634.9
785.83,1304.12,2976.37,2597.97,928.75,678.43,2899.84,4205.26,2984.51,5365.0,2093.29,778.0,5735.98,1665.36,5041.11,6551.94,5094.62,13729.03,6781.6,735.68,2322.7,2178.65,225.6,4830.19,6782.08,6123.85,2295.95,558.74,800.8,3202.37,1335.38,2940.95,2794.07,3636.32
785.95,1305.18,2977.19,2597.24,928.53,678.05,2899.46,4208.85,2984.06,5361.19,2091.99,777.93,5737.59,1664.45,5042.92,6553.99,5098.75,13728.07,6778.83,735.65,2322.84,2179.83,225.64,4831.46,6784.0,6124.51,2296.17,558.89,801.3,3203.34,1335.98,2942.21,2794.2,3637.58
785.95,1303.25,2976.5,2597.21,928.66,677.94,2898.62,4210.84,2983.96,5361.54,2091.01,777.48,5724.88,1664.52,5040.08,6550.42,5096.6,13725.07,6777.32,735.69,2323.28,2178.33,225.6,4832.37,6781.35,6122.74,2295.98,558.79,801.21,3203.59,1335.63,2941.86,2793.8,3636.17
785.9,1302.18,2976.32,2596.98,928.18,677.46,2898.13,4208.1,2983.15,5357.8,2089.93,776.8,5711.61,1663.96,5035.0,6546.37,5095.15,13724.88,6776.25,735.6,2322.6,2176.78,225.6,4830.31,6780.94,6117.8,2294.41,558.54,800.97,3202.46,1334.5,2940.04,2793.55,3633.1
785.9,1301.26,2975.18,2596.93,927.78,677.28,2896.01,4207.03,2982.74,5354.02,2088.35,776.6,5713.75,1663.38,5032.71,6544.26,5092.12,13721.92,6776.18,735.34,2322.59,2176.83,225.69,4827.72,6777.86,6116.64,2293.97,558.52,800.71,3204.07,1334.07,2938.8,2793.31,3633.56
786.14,1302.13,2974.28,2597.02,927.66,677.51,2896.17,4206.69,2982.12,5350.74,2087.95,776.63,5715.39,1663.4,5033.03,6540.99,5090.21,13709.0,6772.39,735.14,2323.1,2178.38,225.67,4829.07,6776.38,6117.11,2294.11,558.33,800.17,3203.16,1333.71,2938.52,2792.58,3631.95
786.12,1304.26,2974.05,2597.04,928.08,677.81,2897.8,4207.23,2983.14,5352.24,2088.81,776.57,5716.25,1663.28,5033.34,6543.19,5091.96,13708.96,6776.68,735.24,2323.14,2178.91,225.65,4827.25,6775.63,6121.17,2294.02,558.39,800.14,3203.4,1333.76,2938.38,2793.6,3634.05
785.81,1303.75,2973.1,2595.52,928.06,677.64,2897.37,4204.89,2982.06,5353.15,2089.1,776.58,5716.42,1663.58,5033.6,6542.93,5090.31,13703.65,6773.24,735.26,2321.62,2179.47,225.65,4827.45,6775.5,6118.89,2293.16,558.29,800.19,3203.14,1333.34,2936.77,2792.48,3634.42
785.97,1304.67,2974.44,2595.23,928.19,678.03,2900.2,4206.02,2983.66,5354.18,2091.57,776.85,5724.59,1664.12,5037.12,6546.34,5092.04,13703.51,6773.81,735.49,2320.35,2181.04,225.51,4826.6,6774.5,6126.43,2292.62,558.47,800.37,3203.43,1333.48,2936.65,2791.03,3633.75
785.6,1305.51,2973.2,2593.8,928.05,677.91,2899.56,4205.68,2982.93,5351.45,2091.48,776.75,5725.3,1663.66,5036.86,6545.84,5089.38,13707.19,6759.81,735.37,2318.78,2179.4,225.45,4825.24,6773.13,6122.91,2291.43,558.35,800.14,3202.44,1332.88,2935.64,2789.72,3633.59
785.6,1307.63,2975.04,2594.28,928.42,678.06,2900.15,4208.88,2982.93,5355.31,2092.77,777.31,5737.96,1664.36,5042.7,6552.44,5092.78,13715.23,6772.08,736.0,2318.6,2180.98,225.45,4826.1,6774.73,6131.66,2291.93,558.67,800.69,3204.39,1333.64,2937.64,2791.38,3634.29
784.53,1309.07,2972.98,2592.51,927.66,677.48,2898.7,4207.48,2984.34,5354.41,2090.82,776.72,5731.54,1663.76,5040.5,6548.54,5089.63,13711.97,6769.04,735.16,2317.55,2181.96,225.45,4824.94,6773.52,6130.13,2290.37,558.38,800.13,3203.15,1332.47,2933.17,2790.25,3634.95
784.74,1309.28,2973.72,2594.65,928.24,677.68,2901.3,4211.8,2986.56,5357.86,2092.12,776.86,5726.78,1663.88,5040.66,6548.34,5089.93,13721.64,6774.41,735.39,2319.17,2183.71,225.55,4825.53,6773.34,6133.45,2291.89,558.71,800.62,3204.29,1333.04,2934.92,2790.79,3635.24
784.8,1310.5,2974.14,2595.37,928.5,677.71,2903.19,4211.58,2988.2,5359.22,2093.33,777.05,5736.38,1664.34,5045.54,6553.1,5091.45,13723.54,6781.01,735.14,2318.75,2185.34,225.51,4825.57,6775.85,6140.6,2292.03,558.93,801.34,3205.18,1333.19,2935.13,2790.4,3637.59
784.6,1308.6,2974.24,2595.24,928.89,677.81,2904.43,4212.09,2989.04,5360.38,2095.28,777.28,5744.38,1664.71,5050.72,6559.28,5093.6,13741.83,6778.15,735.56,2317.58,2187.35,225.46,4823.82,6776.65,6145.47,2291.55,558.86,801.3,3205.45,1333.53,2936.92,2789.8,3638.05
784.6,1309.59,2974.64,2595.07,929.17,677.93,2904.41,4211.36,2988.27,5363.1,2096.48,777.23,5744.65,1664.69,5053.56,6559.48,5095.48,13738.81,6781.56,735.98,2318.09,2187.68,225.55,4822.67,6778.84,6146.88,2291.97,559.2,801.44,3206.18,1333.6,2938.42,2790.15,3638.61
784.95,1309.24,2973.89,2596.14,928.88,678.09,2901.44,4213.71,2987.92,5358.0,2094.78,776.88,5734.4,1663.84,5048.24,6554.85,5093.85,13733.7,6777.35,735.87,2318.6,2188.1,225.55,4823.8,6778.78,6142.6,2292.49,558.91,800.71,3205.11,1333.14,2935.89,2790.62,3637.52
785.32,1307.87,2974.26,2596.72,928.75,678.26,2902.56,4216.1,2989.1,5362.2,2095.63,776.96,5735.29,1664.58,5049.08,6558.84,5094.53,13740.85,6784.6,735.88,2319.34,2188.23,225.49,4825.96,6781.05,6136.34,2293.91,558.97,800.74,3205.43,1333.1,2937.77,2791.86,3638.42
785.23,1306.31,2974.07,2597.09,928.57,678.05,2901.67,4214.67,2986.4,5359.27,2095.37,776.75,5732.39,1664.43,5046.58,6557.1,5092.5,13738.17,6786.73,735.68,2319.59,2187.62,225.55,4826.74,6781.59,6135.05,2294.38,558.66,800.61,3205.65,1333.28,2938.43,2792.4,3637.3
785.38,1306.07,2973.66,2597.49,928.03,677.86,2901.58,4215.4,2986.44,5359.44,2094.3,776.78,5731.55,1664.12,5045.64,6554.91,5089.57,13733.21,6786.94,735.91,2321.02,2188.06,225.57,4826.95,6783.05,6133.65,2295.56,558.84,800.38,3206.64,1333.22,2938.85,2792.35,3637.49
785.39,1306.27,2974.05,2596.9,928.38,677.93,2901.35,4212.38,2986.13,5359.19,2095.18,777.04,5735.98,1664.42,5046.05,6554.34,5091.77,13728.22,6774.08,736.02,2319.87,2190.02,225.43,4828.33,6778.91,6137.5,2294.58,559.1,800.61,3206.66,1332.82,2938.78,2791.46,3637.02
785.51,1307.16,2973.76,2596.7,928.17,678.15,2901.16,4213.17,2987.61,5359.7,2095.44,777.0,5729.8,1664.06,5045.61,6554.51,5092.37,13730.99,6772.66,736.05,2319.99,2190.34,225.43,4828.33,6777.32,6140.33,2294.68,559.14,800.5,3208.0,1332.78,2937.18,2791.49,3637.01
785.44,1306.37,2973.21,2597.48,928.06,677.93,2900.39,4212.31,2985.11,5358.51,2093.81,776.79,5726.57,1663.54,5044.35,6553.85,5091.88,13735.28,6767.19,735.53,2319.77,2188.9,225.43,4825.68,6780.15,6138.42,2295.56,558.54,799.84,3206.51,1332.38,2935.94,2792.29,3636.97
785.36,1303.52,2970.22,2596.97,927.38,677.56,2897.69,4210.66,2980.15,5356.96,2091.53,776.34,5713.48,1662.41,5038.94,6547.22,5089.81,13732.04,6764.54,735.4,2319.54,2187.42,225.53,4825.8,6774.91,6128.29,2295.01,557.72,799.25,3204.88,1331.57,2934.78,2791.59,3634.11
785.54,1301.74,2969.27,2597.34,927.28,677.6,2896.8,4210.32,2979.92,5355.83,2091.39,776.39,5714.6,1661.74,5036.34,6545.01,5088.81,13728.05,6750.82,735.7,2319.36,2186.57,225.45,4825.31,6774.05,6127.99,2294.61,557.75,799.08,3204.57,1331.46,2935.01,2791.49,3631.86
785.26,1302.61,2969.28,2597.94,927.31,677.55,2896.48,4211.03,2977.68,5354.03,2091.08,776.04,5710.31,1661.28,5034.11,6544.58,5087.34,13725.92,6751.37,735.63,2319.82,2185.75,225.41,4826.99,6771.54,6127.29,2294.8,557.76,799.23,3204.75,1331.44,2934.66,2791.61,3632.16
785.38,1300.97,2967.09,2597.65,926.84,677.0,2894.93,4209.0,2973.94,5350.46,2088.23,774.94,5701.07,1659.87,5030.18,6539.58,5085.27,13719.82,6752.06,735.19,2319.42,2184.73,225.43,4826.02,6772.5,6119.16,2294.64,556.84,797.95,3201.48,1330.48,2933.05,2791.03,3628.84
785.19,1301.37,2967.61,2597.15,927.18,677.09,2896.51,4207.38,2974.4,5355.09,2090.55,775.18,5712.46,1660.0,5035.53,6544.03,5088.55,13724.81,6747.02,735.43,2318.98,2184.44,225.38,4824.69,6771.31,6125.0,2294.69,557.29,798.6,3202.34,1331.31,2935.78,2790.81,3632.43
785.17,1301.86,2969.39,2596.97,927.26,677.22,2898.0,4207.32,2977.24,5356.08,2091.45,775.47,5721.94,1660.84,5039.07,6547.27,5091.2,13726.73,6751.1,736.15,2317.88,2186.0,225.38,4825.07,6773.6,6127.21,2294.98,557.48,798.71,3203.49,1331.65,2934.42,2790.72,3632.83
784.8,1302.83,2968.44,2596.09,927.04,677.27,2897.02,4206.28,2976.85,5353.16,2090.47,775.29,5716.86,1660.24,5036.22,6545.21,5087.99,13725.4,6746.87,736.01,2317.12,2185.06,225.42,4824.5,6771.27,6123.44,2294.28,557.2,798.53,3201.76,1331.01,2932.95,2790.31,3631.07
784.92,1303.25,2967.74,2596.11,927.23,677.2,2897.14,4205.98,2975.44,5353.37,2089.64,775.1,5715.31,1660.02,5034.8,6543.09,5086.79,13724.56,6741.57,735.63,2317.5,2185.42,225.35,4825.56,6771.57,6122.86,2295.53,557.06,798.07,3201.38,1331.11,2933.03,2790.59,3630.32
785.03,1303.98,2966.69,2596.75,927.08,677.23,2896.43,4207.96,2977.14,5353.46,2088.33,774.91,5709.8,1659.24,5032.68,6541.58,5087.69,13722.42,6741.28,735.3,2318.29,2185.89,225.42,4826.69,6771.09,6122.57,2296.27,557.14,798.13,3203.89,1331.24,2933.42,2789.69,3631.01
784.79,1302.53,2965.26,2597.19,926.96,677.18,2894.08,4208.79,2974.31,5352.47,2085.9,774.58,5697.26,1658.58,5027.26,6535.35,5088.04,13716.97,6734.68,735.09,2319.13,2186.4,225.56,4827.17,6770.43,6117.86,2296.81,556.74,797.92,3203.43,1330.84,2933.89,2790.16,3628.73
785.0,1301.36,2965.07,2598.34,926.65,676.76,2893.38,4208.69,2973.69,5348.18,2085.04,774.73,5692.07,1658.45,5023.59,6529.88,5085.0,13713.99,6725.92,734.99,2320.17,2185.11,225.62,4828.36,6769.8,6115.14,2297.06,556.45,797.7,3202.97,1330.54,2932.93,2790.06,3627.46
785.2,1302.18,2965.31,2598.09,926.71,676.75,2894.1,4210.05,2975.39,5346.68,2085.13,774.74,5700.83,1658.82,5027.08,6535.34,5085.14,13719.57,6743.74,735.2,2319.57,2186.1,225.58,4829.3,6773.06,6117.93,2298.18,556.52,797.71,3202.86,1330.97,2933.45,2791.22,3629.7
785.14,1303.64,2966.95,2597.7,927.11,676.8,2896.09,4211.42,2977.53,5352.49,2087.21,775.0,5714.68,1659.57,5034.5,6541.76,5089.42,13722.8,6746.92,735.46,2319.61,2188.51,225.64,4829.41,6775.6,6123.98,2298.5,556.83,798.22,3203.87,1331.42,2934.6,2791.89,3631.29
785.08,1303.81,2966.12,2597.19,926.8,676.61,2895.38,4210.3,2976.91,5351.15,2087.71,774.67,5713.18,1659.39,5033.59,6541.04,5087.46,13721.08,6750.14,735.61,2318.7,2188.39,225.66,4828.3,6771.93,6123.52,2297.88,556.86,798.52,3203.77,1331.2,2932.98,2791.3,3630.36
784.97,1304.46,2966.05,2597.67,926.62,676.46,2894.39,4210.72,2977.76,5350.4,2087.36,774.65,5709.83,1659.33,5032.79,6540.37,5084.84,13724.18,6754.76,735.66,2317.96,2188.3,225.6,4827.68,6772.52,6120.59,2298.25,556.9,798.47,3204.28,1331.56,2932.65,2791.25,3630.89
784.91,1304.46,2966.4,2597.97,926.85,676.56,2894.48,4212.11,2977.3,5348.98,2087.19,774.56,5711.34,1660.11,5033.24,6542.12,5084.39,13732.06,6758.39,735.95,2318.47,2188.45,225.92,4827.96,6773.8,6122.68,2298.88,557.26,798.64,3204.55,1331.48,2932.68,2791.66,3632.04
784.79,1303.75,2966.05,2597.83,926.91,676.36,2893.98,4209.21,2976.75,5349.73,2086.79,774.71,5706.87,1660.07,5032.38,6541.58,5082.05,13729.69,6759.37,735.92,2317.63,2188.11,225.87,4825.11,6773.87,6121.06,2298.31,557.06,798.5,3203.47,1331.25,2931.87,2790.67,3630.37
785.13,1304.68,2965.93,2597.48,926.94,676.63,2895.05,4209.92,2978.87,5350.6,2088.25,774.62,5710.51,1660.61,5034.12,6543.45,5082.52,13734.98,6760.29,736.07,2317.38,2188.31,225.84,4820.74,6774.8,6120.12,2298.78,556.91,798.57,3202.39,1330.65,2929.8,2790.65,3630.91
785.34,1305.32,2965.24,2597.57,926.66,676.66,2900.47,4209.45,2982.29,5342.63,2091.5,775.85,5764.31,1667.3,5046.55,6560.44,5077.43,13732.48,6741.36,734.16,2313.17,2187.8,225.63,4832.03,6773.42,6135.26,2296.64,557.65,797.4,3204.75,1333.8,2937.38,2786.22,3634.98
784.99,1305.69,2965.17,2597.77,926.73,676.72,2900.14,4211.09,2982.17,5340.79,2090.78,775.79,5764.81,1667.4,5047.88,6563.25,5076.6,13737.26,6743.82,733.84,2312.44,2187.62,225.64,4831.2,6776.19,6135.28,2296.72,557.86,797.6,3204.99,1334.15,2937.6,2786.9,3635.53
784.7,1304.98,2964.38,2597.35,926.36,676.32,2899.08,4209.53,2979.42,5339.13,2090.81,775.64,5763.27,1667.01,5047.49,6563.22,5076.5,13730.22,6743.37,733.19,2311.95,2187.86,225.52,4828.24,6774.72,6134.45,2296.12,557.88,797.77,3203.98,1333.51,2936.16,2786.59,3635.04
784.7,1305.29,2965.43,2598.14,926.56,676.35,2899.72,4212.29,2982.54,5342.35,2091.12,775.91,5755.95,1667.6,5046.93,6560.74,5078.26,13734.0,6743.2,733.67,2313.29,2187.99,225.81,4828.94,6774.21,6138.6,2296.39,558.13,797.59,3204.71,1334.11,2937.24,2787.29,3635.55
784.88,1305.24,2965.86,2597.81,927.17,676.26,2899.84,4213.6,2982.27,5341.62,2091.75,776.09,5756.36,1667.21,5047.81,6561.19,5077.04,13736.84,6748.09,733.45,2312.85,2186.54,225.71,4828.58,6774.46,6139.42,2296.19,558.28,797.9,3203.99,1334.48,2936.81,2787.51,3636.51
784.95,1306.49,2967.15,2598.28,927.32,676.66,2901.03,4214.02,2984.3,5343.65,2092.8,776.24,5761.23,1667.69,5051.79,6563.55,5078.67,13737.44,6746.52,733.92,2313.17,2187.96,225.75,4831.04,6773.57,6141.66,2295.78,558.75,798.07,3205.07,1335.1,2939.26,2786.92,3637.14
785.14,1306.51,2967.43,2598.12,927.11,676.6,2899.96,4212.82,2984.13,5344.71,2091.29,776.01,5748.17,1666.97,5049.96,6560.11,5076.82,13730.68,6744.58,734.08,2312.84,2187.55,225.75,4830.75,6772.57,6140.26,2294.71,558.7,798.11,3203.71,1334.77,2938.86,2787.01,3635.63
785.04,1308.45,2967.59,2598.55,927.27,676.71,2900.29,4214.34,2983.43,5344.2,2091.49,776.08,5744.84,1667.09,5050.49,6561.99,5075.65,13737.86,6747.31,733.78,2312.6,2186.82,225.75,4831.5,6775.96,6139.72,2296.34,558.68,798.18,3204.0,1334.57,2939.05,2788.42,3636.63
785.15,1308.96,2968.56,2598.78,927.44,676.75,2901.94,4215.06,2982.86,5345.86,2092.47,776.35,5748.48,1667.34,5052.36,6563.94,5075.82,13738.77,6750.58,733.93,2313.2,2187.28,225.9,4832.32,6776.73,6142.92,2296.52,558.85,798.58,3204.57,1335.14,2940.55,2788.38,3638.07
785.24,1308.31,2968.22,2598.3,927.63,676.61,2903.13,4213.61,2980.21,5347.81,2092.79,776.42,5750.25,1668.09,5053.55,6564.74,5077.32,13739.65,6754.25,733.44,2312.51,2187.22,225.88,4832.4,6777.25,6140.11,2296.26,558.75,798.28,3203.87,1335.09,2941.3,2787.85,3637.34
785.12,1307.71,2968.14,2598.48,927.47,676.79,2903.0,4212.78,2980.96,5347.61,2092.86,776.49,5746.39,1667.94,5054.22,6564.99,5076.5,13738.28,6754.5,733.49,2311.53,2186.58,225.78,4832.08,6774.37,6140.98,2296.61,558.47,797.97,3204.02,1335.0,2941.02,2787.73,3636.77
785.12,1307.61,2967.34,2599.16,927.45,676.82,2901.61,4212.8,2980.06,5346.52,2091.9,776.29,5742.12,1667.17,5051.89,6562.32,5075.75,13729.25,6756.28,733.56,2311.98,2186.48,225.78,4831.54,6774.07,6139.54,2296.53,558.61,798.04,3205.2,1334.57,2940.84,2788.1,3637.12
785.24,1307.96,2967.45,2599.52,927.28,676.76,2901.08,4213.68,2979.77,5344.35,2091.47,776.34,5739.58,1667.04,5050.86,6560.3,5075.64,13733.85,6758.61,733.71,2311.65,2187.43,225.76,4830.14,6774.01,6139.68,2297.03,558.57,797.9,3205.84,1334.87,2941.48,2787.93,3635.79
785.36,1307.53,2966.63,2599.74,926.97,676.61,2900.88,4212.62,2975.87,5343.05,2090.58,775.61,5726.23,1666.39,5045.74,6555.4,5073.37,13731.65,6757.55,733.54,2311.9,2187.52,225.78,4831.56,6773.11,6137.71,2296.33,558.25,797.47,3204.65,1334.4,2942.51,2787.64,3634.64
785.48,1306.85,2965.51,2599.9,926.86,676.68,2900.69,4212.39,2975.01,5342.43,2089.74,775.34,5721.41,1666.81,5043.24,6553.33,5071.0,13730.84,6754.72,733.64,2313.03,2187.58,225.82,4834.36,6772.97,6133.61,2296.48,558.2,797.31,3204.52,1334.24,2940.25,2788.08,3633.43
785.52,1307.53,2965.64,2599.33,926.98,676.56,2902.79,4212.91,2975.65,5340.67,2090.21,775.47,5724.36,1666.45,5043.31,6554.76,5069.64,13732.45,6753.63,733.76,2312.07,2188.11,225.71,4835.15,6772.19,6135.04,2296.49,558.11,797.21,3202.56,1334.01,2940.07,2787.83,3634.77
785.43,1308.88,2966.24,2598.99,926.85,676.74,2904.15,4213.53,2977.26,5343.82,2090.72,775.68,5733.89,1666.41,5047.05,6557.61,5071.1,13731.08,6755.34,733.89,2311.36,2188.4,225.71,4835.24,6773.13,6136.18,2296.49,558.2,797.44,3202.86,1333.99,2939.64,2788.1,3634.2
785.89,1308.79,2966.02,2599.63,926.6,676.84,2904.11,4213.66,2977.55,5343.29,2090.14,775.57,5724.6,1666.29,5045.33,6555.14,5069.39,13726.42,6767.2,733.92,2311.57,2188.59,225.8,4835.24,6771.87,6135.45,2296.36,558.26,797.18,3203.47,1334.01,2939.4,2788.14,3634.33
785.34,1309.26,2964.48,2599.42,925.95,676.65,2903.46,4213.79,2977.89,5342.02,2088.86,775.13,5721.17,1665.34,5044.0,6552.2,5067.38,13726.6,6762.19,734.02,2311.15,2188.19,225.74,4833.07,6770.43,6133.7,2295.68,558.24,797.17,3202.78,1333.87,2938.18,2788.11,3632.59
785.46,1309.46,2963.93,2599.61,925.8,676.72,2903.5,4212.65,2976.87,5341.8,2088.61,775.14,5720.67,1665.32,5043.56,6550.75,5067.29,13721.61,6765.43,733.73,2310.6,2187.76,225.76,4831.82,6771.35,6130.91,2295.28,558.09,796.94,3201.93,1333.21,2938.83,2787.7,3632.56
785.07,1309.04,2964.18,2598.67,925.81,676.39,2903.37,4211.42,2975.82,5340.9,2089.32,775.17,5726.55,1665.61,5045.8,6553.01,5068.6,13725.73,6763.78,733.76,2309.37,2187.37,225.67,4829.62,6770.73,6129.21,2294.64,558.1,796.79,3201.5,1333.07,2937.83,2786.57,3632.3
784.98,1309.19,2964.5,2598.45,925.82,676.26,2903.37,4212.0,2975.82,5340.6,2089.58,774.94,5725.8,1665.59,5045.8,6552.36,5067.98,13728.56,6762.16,733.72,2309.73,2187.32,225.7,4828.88,6770.65,6129.17,2294.97,558.04,796.86,3201.82,1333.2,2939.65,2786.67,3632.66
784.86,1309.15,2964.1,2598.36,925.52,676.33,2901.94,4210.77,2974.03,5338.53,2089.01,774.71,5717.05,1665.3,5043.37,6550.03,5066.86,13725.6,6763.18,733.52,2309.2,2186.77,225.67,4827.94,6771.31,6125.93,2294.66,557.89,796.55,3201.89,1332.95,2939.18,2786.36,3631.58
784.86,1308.38,2962.81,2598.09,925.53,676.11,2900.24,4208.45,2972.16,5336.91,2088.51,774.41,5711.49,1664.74,5040.88,6545.15,5066.54,13721.68,6752.08,733.36,2308.88,2186.91,225.61,4827.92,6767.24,6123.19,2294.08,557.58,796.41,3200.47,1332.58,2936.79,2784.78,3629.97
784.95,1309.13,2962.07,2597.82,925.85,676.02,2900.19,4207.31,2972.16,5335.96,2088.32,774.63,5711.61,1664.76,5040.18,6544.25,5067.14,13715.04,6751.45,733.44,2308.7,2186.63,225.59,4827.18,6766.7,6123.38,2293.45,557.74,796.0,3200.61,1332.51,2937.26,2784.13,3629.55
784.74,1308.6,2962.26,2597.82,925.46,675.94,2900.25,4206.78,2970.77,5334.31,2088.19,774.35,5716.3,1664.53,5040.45,6545.15,5066.82,13714.99,6750.39,733.11,2308.68,2185.7,225.57,4825.58,6766.65,6120.62,2292.93,557.45,795.78,3199.19,1332.16,2937.47,2784.04,3629.65
784.59,1308.77,2961.38,2596.95,925.2,675.79,2899.55,4205.95,2971.16,5334.32,2087.94,774.6,5715.81,1664.32,5041.68,6546.55,5064.65,13716.62,6751.41,733.06,2308.32,2186.49,225.53,4825.54,6768.59,6119.37,2293.35,557.4,795.64,3199.74,1331.91,2936.59,2784.21,3629.21
784.53,1309.66,2961.47,2596.42,925.3,675.49,2899.62,4205.83,2971.61,5334.42,2088.32,774.57,5719.47,1664.21,5042.17,6547.5,5064.8,13720.33,6749.45,732.94,2307.94,2186.33,225.54,4824.0,6769.57,6118.66,2292.93,557.37,795.69,3199.06,1331.67,2935.15,2784.03,3629.71
784.48,1309.67,2960.06,2596.22,924.96,675.49,2898.6,4205.43,2969.96,5332.56,2088.24,774.25,5718.5,1663.7,5041.92,6547.68,5064.55,13719.71,6755.06,732.56,2307.59,2185.29,225.56,4821.37,6767.09,6116.41,2292.98,557.05,795.25,3197.56,1331.21,2933.65,2783.79,3628.75
784.19,1310.8,2959.81,2596.59,924.92,675.4,2898.72,4205.58,2969.84,5333.04,2088.27,774.3,5716.18,1663.38,5041.76,6546.04,5065.32,13724.03,6754.23,732.65,2307.49,2182.82,225.58,4820.52,6765.84,6117.21,2293.1,556.98,795.15,3197.25,1331.34,2934.55,2784.05,3628.2
783.95,1309.37,2958.73,2596.06,924.59,675.35,2898.17,4205.38,2969.16,5332.56,2088.53,774.04,5716.19,1663.19,5040.83,6543.69,5065.03,13716.08,6751.64,732.49,2306.8,2182.13,225.67,4817.31,6766.44,6114.33,2292.9,556.91,795.22,3195.61,1330.66,2933.69,2784.21,3628.16
784.03,1309.61,2959.01,2596.37,924.85,675.31,2897.95,4205.12,2970.2,5331.75,2087.88,774.07,5718.07,1663.43,5040.36,6543.31,5064.49,13712.8,6750.31,731.94,2306.56,2182.61,225.67,4817.58,6765.11,6117.18,2292.63,557.12,795.17,3195.85,1331.16,2934.72,2784.14,3627.61
783.8,1309.73,2957.21,2596.02,924.31,675.23,2895.5,4203.66,2967.88,5328.07,2086.87,773.95,5705.8,1662.54,5035.22,6538.2,5056.22,13706.63,6749.38,731.5,2306.22,2181.31,225.69,4816.6,6763.49,6113.63,2292.34,556.86,794.81,3194.5,1330.35,2933.59,2783.79,3625.74
783.85,1309.75,2957.44,2595.9,924.2,674.91,2895.43,4202.13,2967.94,5328.17,2086.39,773.59,5710.88,1662.48,5036.56,6539.51,5057.13,13707.13,6749.02,731.29,2305.03,2179.55,225.69,4816.9,6762.34,6112.9,2292.52,556.81,794.7,3194.71,1330.15,2933.53,2783.21,3625.43
783.68,1309.34,2957.05,2595.22,924.86,674.92,2895.5,4201.61,2968.27,5328.09,2086.59,773.97,5715.42,1662.26,5037.8,6541.32,5056.15,13706.29,6750.09,731.38,2303.97,2177.47,225.65,4813.69,6762.49,6111.82,2292.59,556.72,794.72,3194.78,1330.45,2933.87,2782.94,3625.74
783.37,1309.23,2955.81,2594.95,924.62,674.72,2894.91,4201.57,2966.52,5327.27,2086.02,773.67,5714.43,1662.26,5036.53,6539.62,5057.96,13711.69,6750.18,730.98,2304.02,2177.31,225.65,4813.84,6763.78,6109.98,2292.18,556.41,794.22,3192.52,1330.02,2933.5,2783.26,3625.35
783.33,1307.2,2955.65,2595.0,924.3,674.63,2894.4,4201.29,2964.65,5327.02,2085.04,773.31,5709.86,1662.28,5034.53,6538.68,5057.88,13706.37,6751.75,730.65,2303.93,2177.49,225.65,4813.83,6764.0,6108.48,2292.22,556.16,793.96,3191.6,1329.74,2933.02,2783.38,3623.84
783.27,1307.32,2955.1,2594.55,924.78,674.65,2893.78,4200.14,2965.41,5325.52,2084.27,773.0,5711.56,1662.11,5034.79,6539.16,5056.67,13708.44,6753.11,730.89,2304.12,2176.96,225.69,4812.56,6763.65,6107.64,2292.03,556.45,794.24,3192.99,1329.76,2932.25,2783.27,3624.38
783.18,1308.07,2954.69,2593.78,924.43,674.71,2893.5,4199.57,2965.22,5325.6,2084.55,772.9,5710.14,1661.79,5033.95,6537.22,5054.1,13707.14,6749.17,730.8,2303.34,2176.5,225.65,4814.36,6763.08,6104.87,2291.41,556.3,794.33,3191.93,1329.45,2931.22,2783.04,3623.17
783.09,1307.2,2954.35,2593.87,924.24,674.71,2893.11,4198.31,2964.22,5324.47,2084.25,772.86,5706.72,1662.32,5032.94,6535.9,5053.26,13707.59,6743.06,730.67,2303.14,2176.23,225.63,4813.46,6763.5,6102.94,2291.19,556.23,794.38,3192.15,1329.29,2930.9,2783.2,3623.55
783.27,1307.6,2955.26,2594.01,924.39,674.82,2894.43,4198.59,2965.82,5325.44,2085.23,772.77,5715.63,1662.57,5035.09,6539.24,5054.5,13710.89,6740.84,730.94,2303.46,2175.81,225.58,4813.74,6766.09,6106.25,2291.39,556.37,794.33,3191.95,1329.32,2932.05,2783.54,3624.93
783.04,1307.57,2955.22,2594.31,924.37,674.82,2893.84,4199.23,2964.79,5326.63,2085.68,772.72,5715.3,1662.93,5035.46,6539.29,5054.67,13710.92,6743.49,730.83,2303.47,2176.24,225.56,4814.24,6766.19,6105.25,2291.1,556.15,794.23,3190.72,1329.14,2932.19,2783.19,3624.06
783.43,1308.13,2955.45,2594.56,924.02,674.82,2893.64,4199.45,2965.18,5323.81,2085.62,773.21,5718.62,1662.71,5037.04,6540.69,5054.54,13711.16,6743.35,731.02,2303.98,2176.16,225.58,4813.25,6767.2,6105.0,2291.03,556.22,794.27,3190.82,1329.37,2932.15,2783.87,3623.96
783.18,1306.47,2954.02,2593.02,923.9,674.58,2893.47,4197.84,2960.82,5321.65,2084.33,772.74,5713.77,1661.97,5033.78,6537.96,5053.8,13708.46,6741.89,730.91,2302.77,2172.24,225.5,4812.07,6765.99,6102.28,2290.47,555.94,793.96,3190.6,1328.9,2930.34,2783.7,3622.71
783.01,1307.22,2954.08,2592.72,923.78,674.44,2895.32,4197.59,2959.81,5321.3,2084.74,772.17,5716.56,1662.36,5034.35,6537.96,5053.11,13706.41,6743.42,730.84,2301.73,2168.45,225.44,4811.58,6764.14,6101.93,2290.02,555.95,793.94,3189.71,1329.2,2930.4,2783.02,3624.17
783.22,1308.47,2955.18,2592.65,924.16,674.59,2897.21,4198.56,2962.24,5322.81,2085.68,772.57,5724.77,1662.92,5038.38,6540.89,5056.1,13703.75,6748.25,731.3,2302.4,2170.0,225.48,4812.26,6767.53,6104.58,2290.66,556.45,794.46,3192.21,1329.76,2931.0,2783.7,3624.37
783.22,1309.33,2955.61,2592.69,923.95,674.89,2897.95,4197.97,2962.81,5322.8,2086.28,772.55,5730.75,1663.32,5040.46,6543.09,5056.78,13706.47,6749.85,731.25,2301.98,2169.8,225.55,4811.61,6769.99,6106.74,2291.42,556.38,794.85,3191.69,1329.78,2931.34,2784.97,3625.63
783.09,1309.31,2955.09,2592.4,923.84,674.98,2895.47,4196.64,2963.32,5322.69,2085.74,772.23,5722.75,1662.91,5037.72,6541.11,5055.7,13705.4,6749.04,731.18,2302.44,2170.98,225.67,4812.78,6768.91,6105.97,2291.53,556.3,795.03,3190.97,1329.7,2930.35,2784.89,3624.31
783.01,1309.14,2954.64,2592.6,923.6,675.16,2895.32,4195.96,2962.19,5322.69,2086.15,772.31,5723.65,1662.92,5037.75,6541.68,5055.66,13702.65,6750.38,731.22,2302.1,2170.56,225.67,4812.29,6767.54,6105.05,2291.48,556.51,795.63,3191.41,1329.84,2930.62,2784.59,3624.38
783.08,1308.58,2954.65,2592.25,923.44,675.01,2894.57,4196.43,2962.13,5325.78,2085.95,772.18,5726.02,1662.68,5036.73,6541.36,5055.3,13699.62,6752.22,731.11,2301.74,2169.83,225.67,4811.72,6767.9,6103.81,2291.55,556.53,795.38,3192.24,1329.86,2931.08,2784.12,3624.8
782.96,1307.93,2954.67,2591.62,923.06,674.8,2894.08,4195.98,2960.95,5325.56,2085.7,771.89,5723.48,1662.65,5034.49,6538.9,5053.25,13699.63,6749.45,730.85,2301.56,2170.52,225.71,4811.95,6766.97,6101.73,2291.72,556.23,794.86,3191.05,1329.72,2930.61,2783.65,3623.29
782.54,1307.2,2954.27,2591.46,923.04,674.72,2893.66,4195.22,2961.74,5325.58,2086.07,771.82,5726.66,1662.8,5036.36,6539.51,5054.5,13701.97,6751.41,730.7,2300.89,2170.38,225.71,4811.35,6765.35,6098.83,2291.8,556.25,794.65,3191.08,1329.69,2931.32,2783.98,3623.74
782.54,1306.42,2952.32,2590.92,922.89,674.17,2891.49,4194.65,2959.1,5323.75,2085.26,771.54,5720.44,1662.87,5033.27,6536.8,5051.41,13698.09,6749.85,729.77,2300.59,2168.0,225.67,4810.9,6763.32,6093.46,2291.03,556.08,794.62,3189.91,1328.87,2929.41,2783.35,3621.79
782.45,1306.57,2951.93,2591.12,922.87,673.73,2891.25,4195.2,2959.94,5323.75,2084.85,771.49,5716.62,1662.63,5033.14,6536.11,5051.97,13695.5,6747.59,729.66,2300.5,2167.61,225.67,4810.79,6762.86,6091.18,2291.19,556.09,794.63,3189.59,1328.86,2929.58,2783.57,3621.34
782.56,1306.81,2952.12,2590.83,922.68,673.65,2889.47,4195.57,2960.11,5324.66,2084.88,771.39,5715.75,1662.89,5032.78,6535.68,5051.88,13693.9,6747.24,729.6,2299.93,2167.48,225.63,4810.83,6763.88,6093.48,2290.93,556.04,794.4,3189.54,1328.62,2928.92,2783.4,3621.3
782.32,1305.54,2951.27,2590.19,922.59,673.64,2888.36,4193.0,2959.04,5321.68,2084.53,771.31,5714.91,1662.52,5031.55,6532.68,5050.69,13688.31,6745.88,729.34,2299.27,2167.69,225.54,4810.49,6761.38,6079.83,2289.93,555.9,794.16,3189.63,1328.14,2928.1,2782.66,3619.64
782.34,1306.01,2951.67,2590.13,922.57,673.77,2888.48,4192.72,2959.27,5320.75,2084.92,771.5,5712.75,1662.33,5030.68,6532.07,5051.47,13687.88,6744.77,729.58,2299.31,2169.11,225.53,4811.73,6761.31,6080.12,2289.7,555.72,794.16,3190.1,1328.32,2927.09,2783.12,3619.65
782.32,1304.36,2951.47,2590.41,922.74,673.91,2888.28,4193.71,2958.03,5320.79,2084.59,771.62,5715.12,1662.37,5030.6,6532.31,5051.38,13684.03,6744.18,729.39,2299.62,2168.66,225.53,4811.92,6762.83,6080.58,2289.68,555.32,794.05,3189.13,1328.33,2927.27,2783.46,3619.56
782.2,1304.52,2952.49,2590.46,922.77,674.1,2890.18,4195.99,2959.62,5322.03,2085.39,771.91,5720.17,1662.81,5033.87,6536.81,5053.19,13690.09,6751.2,729.39,2300.04,2168.89,225.53,4812.88,6765.59,6085.1,2290.09,555.46,794.9,3189.51,1328.68,2927.23,2783.92,3620.82
781.89,1304.88,2952.62,2589.8,923.8,674.01,2890.69,4195.63,2959.69,5322.81,2085.55,771.93,5720.51,1662.92,5033.73,6536.62,5052.97,13693.25,6744.95,729.48,2299.65,2168.72,225.49,4812.83,6763.31,6086.14,2290.12,555.56,794.95,3189.09,1328.83,2927.05,2783.78,3620.61
781.7,1303.09,2951.71,2589.35,923.21,673.86,2889.15,4194.43,2957.09,5322.81,2084.73,771.5,5715.75,1662.19,5031.92,6535.09,5051.42,13693.02,6745.59,729.11,2299.13,2164.51,225.45,4811.0,6762.82,6080.0,2289.79,555.43,794.79,3188.64,1328.8,2926.84,2783.14,3619.42
781.79,1304.41,2953.11,2589.87,923.72,674.07,2890.82,4195.66,2959.23,5328.29,2085.65,771.7,5727.2,1662.72,5036.02,6536.37,5052.67,13689.83,6745.96,729.41,2299.36,2165.08,225.45,4812.47,6761.91,6087.88,2289.86,555.65,795.43,3188.75,1328.72,2927.65,2783.61,3621.34
781.69,1304.06,2953.01,2589.45,923.71,674.04,2890.36,4194.24,2958.89,5327.59,2085.43,771.69,5765.42,1662.73,5035.4,6535.31,5052.34,13685.51,6743.73,729.4,2298.77,2164.68,225.45,4813.11,6761.13,6085.19,2289.27,555.41,795.1,3188.36,1328.64,2928.16,2782.87,3621.31
781.63,1303.25,2953.1,2589.16,923.7,674.19,2890.76,4194.02,2957.65,5327.43,2086.02,771.74,5767.18,1662.49,5036.61,6536.97,5051.47,13684.98,6740.25,729.07,2298.74,2164.79,225.49,4812.94,6760.37,6085.07,2289.45,555.42,795.08,3188.43,1329.09,2929.08,2783.1,3620.9
783.32,1303.53,2952.71,2589.23,923.58,674.18,2891.31,4194.01,2957.48,5326.25,2086.66,771.89,5780.53,1663.05,5036.92,6537.13,5051.1,13685.27,6740.52,729.15,2298.71,2164.58,225.45,4812.94,6761.66,6083.71,2289.28,555.39,795.03,3188.06,1328.69,2928.76,2782.85,3621.19
782.84,1304.7,2952.17,2589.12,923.57,674.02,2892.05,4193.24,2958.05,5327.67,2086.98,771.91,5797.68,1662.78,5037.99,6537.38,5051.41,13681.52,6740.46,729.22,2298.12,2163.33,225.56,4812.74,6760.71,6082.76,2289.06,555.26,794.87,3186.96,1328.65,2928.27,2783.14,3621.35
782.9,1303.96,2951.81,2589.39,923.64,673.7,2891.99,4195.96,2955.56,5327.57,2086.22,771.73,5782.93,1662.49,5036.25,6538.57,5051.13,13685.44,6743.05,728.89,2298.7,2164.22,225.58,4811.22,6760.7,6084.27,2289.94,555.24,794.9,3188.0,1328.59,2927.99,2784.59,3621.06
782.82,1304.42,2952.08,2590.12,923.65,673.9,2891.63,4195.25,2956.08,5328.22,2086.53,771.9,5783.33,1662.47,5036.17,6537.82,5054.77,13685.36,6741.93,729.04,2298.92,2163.8,225.66,4811.29,6762.4,6085.75,2290.24,555.3,795.43,3189.22,1328.94,2929.23,2784.83,3622.4
783.19,1304.18,2952.41,2590.56,923.84,673.94,2893.72,4196.29,2957.09,5328.66,2087.8,772.08,5793.04,1663.31,5038.89,6541.36,5055.94,13691.06,6745.72,729.07,2298.75,2163.57,225.62,4811.62,6764.72,6088.75,2290.28,555.46,795.62,3189.65,1329.24,2929.78,2786.82,3623.95
783.36,1304.43,2951.95,2590.1,923.64,674.27,2892.95,4194.63,2957.03,5327.93,2087.19,771.82,5801.41,1663.1,5039.03,6538.89,5055.48,13686.38,6745.0,729.2,2298.51,2163.41,225.56,4810.45,6763.43,6088.26,2289.33,555.39,795.74,3188.43,1328.81,2929.15,2788.57,3622.8
783.31,1304.45,2951.41,2590.44,923.33,673.89,2891.62,4194.72,2955.34,5325.94,2086.68,771.85,5799.26,1662.86,5038.7,6537.15,5053.18,13682.82,6743.2,728.83,2298.7,2164.07,225.56,4810.36,6763.24,6086.07,2289.46,555.33,795.22,3187.74,1328.63,2928.7,2788.79,3621.62
783.15,1303.19,2950.19,2590.0,922.94,673.49,2889.84,4194.17,2952.8,5322.91,2085.86,771.5,5794.34,1662.91,5036.15,6535.06,5049.88,13677.8,6742.67,727.95,2297.97,2161.22,225.52,4809.68,6763.14,6079.38,2289.0,555.17,795.02,3187.87,1328.09,2927.0,2788.78,3620.76
782.91,1303.21,2949.3,2589.52,922.9,673.49,2888.84,4194.6,2952.94,5321.95,2085.89,771.29,5785.6,1662.54,5034.17,6533.5,5051.09,13673.83,6744.56,727.99,2297.89,2159.84,225.54,4809.88,6762.29,6079.78,2288.76,555.33,794.98,3188.2,1328.27,2927.01,2788.52,3620.04
782.5,1302.91,2947.3,2588.9,922.52,673.2,2887.26,4193.32,2950.54,5320.15,2084.29,770.83,5771.62,1661.7,5030.09,6527.84,5047.45,13667.13,6742.84,727.52,2297.76,2157.87,225.48,4808.63,6760.41,6070.57,2288.4,555.07,794.84,3186.79,1327.63,2925.78,2787.45,3617.68
782.26,1300.72,2946.09,2588.7,922.2,673.05,2887.29,4193.74,2948.91,5319.4,2083.11,770.65,5761.52,1661.45,5029.51,6527.48,5043.81,13670.75,6743.03,727.58,2297.0,2157.81,225.46,4808.7,6760.94,6070.42,2288.85,554.85,794.23,3186.96,1326.87,2923.08,2786.99,3617.33
782.19,1301.32,2946.13,2588.6,922.09,673.13,2887.62,4193.34,2949.03,5318.21,2083.01,770.72,5767.6,1661.63,5030.56,6527.87,5043.34,13670.79,6741.04,727.55,2296.67,2157.83,225.42,4808.71,6758.79,6069.37,2289.53,554.72,794.38,3185.51,1326.96,2921.06,2786.93,3617.09
782.08,1301.24,2946.12,2588.84,921.94,673.13,2887.25,4193.52,2949.03,5318.09,2082.59,770.82,5764.81,1661.98,5029.64,6527.48,5043.64,13669.14,6734.64,727.52,2296.84,2158.45,225.44,4807.88,6757.49,6070.6,2289.58,554.66,794.97,3186.02,1326.88,2919.94,2788.25,3617.27
782.1,1302.26,2946.46,2589.22,921.98,673.03,2888.33,4193.94,2951.42,5320.76,2083.01,770.98,5755.49,1662.25,5030.53,6529.27,5043.06,13670.96,6733.02,727.28,2297.69,2158.92,225.44,4808.23,6757.9,6072.43,2289.76,554.71,795.05,3187.07,1327.15,2919.51,2788.65,3616.98
781.75,1300.53,2945.26,2588.78,921.53,672.65,2887.32,4193.22,2948.75,5319.23,2081.96,770.16,5746.95,1661.89,5028.73,6526.93,5042.0,13676.61,6735.73,726.95,2296.81,2157.55,225.42,4807.58,6756.78,6065.67,2289.44,554.27,794.32,3185.42,1326.77,2917.37,2787.97,3615.49
781.69,1300.81,2945.35,2589.16,921.49,672.52,2887.63,4195.17,2950.44,5319.35,2082.05,770.09,5748.1,1661.55,5028.56,6528.84,5043.77,13680.48,6737.43,727.06,2296.77,2157.81,225.44,4807.41,6758.61,6068.79,2289.37,554.29,794.7,3186.01,1326.94,2916.81,2789.63,3617.21
781.63,1301.54,2946.04,2589.41,921.73,672.6,2888.67,4195.02,2951.9,5323.82,2083.1,770.55,5762.36,1662.26,5030.95,6533.4,5047.18,13685.66,6738.48,727.41,2296.54,2158.47,225.42,4807.33,6758.51,6070.73,2289.92,554.57,795.09,3186.43,1327.28,2917.13,2790.14,3618.76
781.69,1301.92,2946.6,2589.5,921.97,672.74,2889.32,4195.61,2951.73,5326.2,2083.53,770.63,5767.05,1662.51,5031.65,6534.85,5048.16,13686.79,6740.95,727.75,2296.55,2158.62,225.44,4808.09,6760.76,6072.52,2290.23,554.75,794.95,3187.99,1327.74,2917.35,2789.71,3618.25
781.76,1302.46,2946.19,2589.62,921.98,672.86,2888.65,4194.95,2951.73,5326.45,2083.37,770.65,5756.82,1662.31,5030.34,6532.46,5047.3,13683.88,6739.32,727.47,2296.86,2158.35,225.55,4808.94,6759.9,6070.93,2290.38,554.75,794.82,3188.0,1327.6,2917.79,2790.11,3618.16
782.08,1302.42,2947.35,2590.22,922.14,672.84,2890.23,4194.89,2953.64,5327.25,2083.95,770.63,5766.57,1663.27,5033.27,6535.9,5049.98,13684.32,6743.13,727.74,2297.58,2159.32,225.54,4808.7,6761.43,6072.59,2289.94,555.0,795.21,3188.81,1328.34,2920.61,2790.4,3619.47
782.08,1302.23,2947.87,2590.36,922.59,673.05,2891.6,4195.7,2954.89,5329.29,2084.79,770.9,5770.48,1663.54,5035.44,6540.61,5051.23,13679.81,6743.75,727.9,2297.72,2160.04,225.59,4809.55,6763.56,6074.81,2289.97,555.27,795.69,3190.35,1328.9,2921.77,2791.92,3620.56
781.97,1302.55,2948.86,2590.09,922.65,673.15,2891.72,4195.88,2956.73,5330.48,2084.74,771.07,5771.41,1663.61,5035.02,6540.78,5053.68,13671.93,6744.57,727.95,2297.64,2160.67,225.62,4810.0,6763.48,6076.04,2289.99,555.5,795.65,3191.51,1329.07,2921.85,2792.78,3621.54
782.09,1302.9,2949.23,2590.52,922.85,673.18,2892.12,4197.72,2958.38,5330.14,2085.07,771.16,5771.67,1663.84,5036.74,6542.57,5053.96,13673.8,6747.51,728.15,2298.65,2161.08,225.79,4810.43,6767.62,6078.96,2290.69,555.34,795.67,3192.38,1329.29,2922.3,2794.45,3622.21
781.94,1302.02,2948.71,2590.61,922.52,673.1,2891.26,4196.98,2956.34,5328.89,2084.42,770.94,5774.13,1663.31,5036.02,6540.64,5052.24,13682.96,6750.73,728.03,2298.1,2159.79,225.74,4811.04,6765.51,6076.28,2290.68,555.16,795.12,3190.57,1329.06,2921.37,2794.94,3622.08
782.03,1302.15,2950.12,2591.19,922.62,673.15,2892.68,4197.57,2958.08,5329.45,2085.7,771.32,5781.98,1663.83,5038.46,6544.87,5055.31,13690.96,6751.38,728.52,2298.58,2161.06,225.82,4810.45,6766.72,6081.21,2291.51,555.43,795.87,3192.47,1329.44,2922.62,2795.39,3622.55
782.03,1302.13,2950.43,2590.98,922.64,673.22,2892.4,4197.29,2956.95,5328.71,2085.25,771.44,5785.84,1663.62,5037.98,6542.59,5055.56,13688.81,6749.3,728.77,2298.69,2161.46,225.88,4810.73,6766.13,6081.44,2291.25,555.5,795.44,3192.2,1329.67,2921.76,2795.89,3623.05
782.03,1302.51,2950.66,2591.36,922.8,673.34,2894.06,4196.83,2957.34,5328.89,2086.58,771.5,5790.3,1663.93,5040.29,6545.8,5056.54,13691.64,6748.73,728.76,2299.16,2161.15,225.87,4810.45,6768.14,6082.26,2291.15,555.64,796.04,3191.46,1329.82,2921.35,2796.29,3624.38
782.15,1302.73,2950.89,2591.24,922.81,673.42,2894.93,4197.34,2957.96,5328.27,2086.8,771.59,5800.26,1664.06,5041.82,6548.33,5058.21,13698.79,6749.58,729.44,2299.01,2163.04,225.94,4810.93,6771.31,6085.57,2291.58,555.8,795.8,3192.26,1329.77,2922.17,2796.41,3625.63
782.46,1303.67,2952.59,2592.3,922.91,673.6,2894.91,4198.51,2958.74,5329.51,2087.71,771.84,5818.58,1664.28,5043.97,6553.26,5059.7,13705.04,6752.36,729.13,2299.74,2164.27,225.97,4812.43,6770.78,6092.69,2292.43,556.54,796.33,3194.13,1330.42,2922.82,2796.69,3627.58
782.96,1303.61,2952.04,2592.2,922.94,672.86,2893.71,4198.23,2958.19,5328.29,2086.79,771.78,5811.77,1663.69,5042.77,6550.12,5057.34,13702.31,6748.39,728.7,2299.33,2162.17,225.92,4812.55,6770.09,6089.97,2291.64,556.31,796.31,3193.08,1330.16,2922.67,2795.57,3626.18
782.96,1304.82,2953.3,2593.4,923.09,672.91,2895.17,4199.79,2960.28,5329.03,2087.71,771.82,5824.07,1664.4,5044.02,6553.08,5058.9,13703.62,6752.89,729.27,2301.03,2163.59,225.98,4812.83,6771.66,6094.22,2292.04,556.81,796.43,3194.49,1330.58,2924.75,2796.31,3628.71
783.1,1306.11,2955.48,2593.16,923.65,672.78,2897.09,4196.62,2962.6,5331.48,2089.54,772.1,5862.24,1664.47,5049.15,6557.35,5060.84,13708.0,6751.44,729.9,2300.76,2163.32,225.98,4813.29,6771.96,6097.7,2291.77,557.16,796.63,3194.77,1330.93,2925.45,2796.31,3629.99
782.57,1306.3,2954.29,2591.88,923.22,672.7,2896.03,4193.14,2960.63,5328.79,2088.77,772.0,5856.31,1664.11,5045.95,6552.13,5058.9,13700.2,6750.21,729.49,2299.61,2163.37,225.88,4812.74,6770.13,6092.75,2290.33,557.05,796.4,3193.34,1330.46,2923.72,2794.88,3627.3
782.69,1306.02,2953.03,2591.46,922.83,672.6,2895.74,4192.32,2958.59,5327.52,2088.76,771.66,5853.33,1664.22,5044.56,6549.47,5055.89,13694.51,6745.5,729.79,2299.53,2163.18,225.84,4812.12,6769.87,6088.35,2290.09,556.79,795.84,3192.53,1329.75,2923.41,2794.04,3627.07
782.76,1305.94,2953.5,2592.67,923.1,672.69,2895.11,4193.31,2959.43,5327.49,2088.56,771.68,5855.91,1663.86,5045.4,6550.82,5055.77,13699.83,6747.0,730.05,2299.72,2163.27,225.84,4812.02,6770.5,6090.44,2290.68,556.62,795.96,3193.6,1330.53,2923.34,2794.32,3627.32
782.67,1306.27,2953.87,2592.64,923.14,672.8,2896.41,4193.88,2960.55,5327.94,2089.21,771.78,5863.39,1664.31,5048.18,6553.9,5058.77,13705.75,6748.89,730.19,2299.64,2162.87,225.84,4811.77,6772.23,6091.46,2290.86,556.65,796.21,3193.88,1330.6,2923.99,2793.88,3628.44
782.55,1305.93,2953.52,2592.35,923.29,672.93,2896.02,4193.38,2960.93,5328.58,2089.04,771.8,5854.23,1663.91,5048.1,6551.58,5060.31,13704.98,6752.29,730.53,2299.04,2161.71,225.82,4813.39,6770.04,6092.07,2290.52,556.85,796.4,3194.7,1330.96,2924.47,2794.32,3628.34
782.55,1306.09,2953.06,2592.58,923.24,672.93,2895.8,4193.85,2960.65,5327.29,2088.08,771.78,5839.9,1663.25,5047.32,6551.22,5059.31,13702.54,6748.97,730.37,2300.02,2163.24,225.84,4813.06,6771.54,6090.61,2290.59,556.89,796.39,3195.46,1330.78,2923.62,2795.19,3626.94
782.55,1304.31,2952.8,2592.89,922.98,672.8,2894.93,4194.39,2959.69,5327.06,2088.01,771.6,5825.8,1662.18,5045.94,6548.62,5058.96,13699.87,6747.91,730.24,2300.34,2162.96,225.84,4811.37,6771.79,6086.0,2291.16,556.94,796.29,3195.31,1330.55,2922.66,2794.38,3626.89
782.36,1304.71,2952.97,2592.23,922.77,672.73,2894.7,4194.13,2961.16,5325.79,2088.73,771.63,5829.69,1661.96,5048.08,6551.05,5058.25,13703.49,6747.84,730.32,2299.62,2161.79,225.78,4810.31,6773.36,6085.72,2291.7,557.13,796.69,3195.21,1330.4,2923.99,2793.97,3626.6
782.24,1304.51,2952.52,2591.59,922.71,672.56,2894.11,4192.34,2960.43,5326.57,2088.86,771.51,5826.95,1661.93,5048.79,6550.97,5056.77,13702.2,6750.04,730.31,2299.28,2161.28,225.72,4809.12,6771.52,6085.04,2291.21,557.13,796.66,3194.45,1330.13,2923.1,2793.2,3627.06
782.18,1304.72,2952.7,2591.39,922.63,672.65,2894.25,4192.12,2959.97,5327.06,2089.73,771.35,5831.5,1662.01,5048.68,6552.52,5057.61,13703.17,6748.22,730.32,2298.97,2160.98,225.71,4809.39,6771.9,6084.78,2290.54,557.25,796.71,3193.55,1330.12,2923.37,2793.38,3627.21
782.06,1304.76,2953.11,2590.89,922.7,672.46,2894.34,4192.0,2958.96,5328.73,2090.22,771.5,5831.3,1661.97,5048.69,6553.84,5057.58,13700.13,6750.28,730.59,2298.77,2160.88,225.82,4808.56,6770.8,6085.11,2290.51,557.29,796.78,3191.42,1330.09,2922.95,2793.28,3627.92
781.9,1303.73,2953.34,2590.79,922.48,672.36,2894.17,4191.62,2958.96,5328.89,2089.74,771.47,5834.22,1662.14,5048.47,6553.64,5058.39,13700.89,6748.0,730.62,2298.73,2161.13,225.91,4807.94,6769.25,6086.15,2290.09,557.4,796.85,3192.2,1329.25,2923.55,2793.25,3627.97
782.11,1304.76,2954.48,2591.36,922.52,672.39,2894.64,4191.87,2960.38,5328.6,2090.53,771.67,5839.02,1662.3,5050.4,6556.01,5060.78,13699.28,6754.08,730.86,2298.92,2162.81,225.93,4808.96,6771.2,6090.39,2290.28,557.79,797.26,3193.64,1329.84,2923.33,2793.49,3628.55
782.27,1304.02,2954.3,2591.59,922.54,672.24,2894.0,4192.33,2958.74,5327.01,2090.19,771.61,5833.21,1662.22,5049.35,6553.85,5059.09,13693.98,6753.67,730.82,2299.05,2161.88,225.99,4808.77,6770.36,6087.38,2290.33,557.67,797.29,3192.95,1329.75,2922.54,2794.35,3628.05
782.15,1302.29,2953.54,2591.44,922.29,672.14,2893.7,4191.98,2957.43,5327.49,2089.47,771.18,5834.82,1662.13,5048.75,6553.8,5058.52,13694.91,6753.41,730.57,2298.45,2160.86,225.88,4807.17,6770.44,6086.14,2290.25,557.39,796.7,3192.01,1329.49,2922.36,2794.96,3627.29
782.15,1302.38,2954.36,2591.4,922.77,672.31,2894.68,4193.59,2960.55,5331.24,2089.89,771.42,5837.76,1662.2,5049.47,6555.64,5060.16,13697.29,6755.78,730.64,2298.3,2161.49,225.84,4805.06,6771.09,6088.6,2290.62,557.71,796.85,3192.79,1330.0,2923.04,2795.11,3627.97
782.03,1302.1,2953.74,2591.53,922.6,672.25,2893.75,4193.26,2959.59,5328.65,2088.95,771.22,5835.13,1662.1,5047.44,6554.24,5057.17,13692.72,6757.52,730.47,2297.92,2160.8,225.82,4806.26,6768.19,6085.93,2290.4,557.44,796.17,3191.69,1329.5,2922.07,2794.94,3627.45
782.14,1301.53,2953.75,2591.66,922.61,672.25,2893.96,4192.62,2959.92,5330.09,2089.35,770.94,5850.35,1662.1,5048.91,6554.88,5057.68,13694.47,6759.4,730.51,2297.68,2160.5,225.82,4807.17,6770.84,6086.0,2290.46,557.54,796.39,3191.79,1329.5,2921.9,2795.17,3628.2
782.26,1300.76,2954.13,2591.86,923.09,672.44,2894.72,4194.52,2957.9,5330.62,2089.5,771.02,5835.94,1661.97,5047.08,6553.9,5058.12,13695.97,6763.25,730.53,2298.38,2159.23,225.9,4807.65,6772.02,6083.63,2291.0,557.2,796.25,3190.64,1329.65,2920.98,2795.62,3627.31
782.14,1300.28,2954.06,2592.16,922.86,672.42,2895.02,4195.04,2957.15,5328.15,2088.89,770.85,5829.55,1661.76,5045.59,6552.64,5056.32,13694.41,6764.31,730.34,2298.38,2158.49,225.86,4809.85,6772.98,6083.07,2291.31,557.12,796.18,3190.36,1329.49,2921.77,2795.1,3627.25
782.35,1300.25,2954.52,2593.41,922.95,672.42,2895.25,4197.04,2960.57,5326.93,2089.21,770.79,5822.22,1662.02,5045.1,6552.21,5058.05,13696.25,6764.86,730.59,2299.65,2159.33,225.98,4812.75,6774.7,6084.24,2292.44,557.32,796.55,3192.12,1329.94,2923.27,2795.54,3626.89
782.29,1301.28,2954.36,2593.28,923.1,672.28,2894.68,4197.51,2960.92,5327.53,2089.09,770.69,5817.25,1661.44,5044.19,6551.3,5057.68,13689.81,6762.66,730.35,2299.75,2159.95,226.0,4810.93,6772.63,6083.98,2291.94,557.45,796.5,3192.62,1330.02,2923.43,2795.74,3627.78
782.57,1301.37,2954.87,2593.38,923.28,672.58,2895.12,4197.73,2961.88,5328.08,2089.06,770.94,5814.66,1661.93,5045.13,6552.02,5058.04,13693.07,6761.37,731.08,2301.16,2160.23,226.04,4811.64,6773.95,6084.53,2292.16,557.41,796.53,3192.53,1330.58,2923.89,2795.22,3627.47
782.45,1301.45,2955.1,2593.12,923.05,672.63,2896.06,4196.51,2961.82,5327.87,2089.64,770.86,5822.4,1662.35,5045.12,6552.83,5057.28,13692.46,6760.73,731.05,2301.05,2159.71,226.04,4811.34,6775.08,6083.15,2292.48,557.19,796.39,3192.82,1330.32,2923.31,2795.43,3627.4
782.51,1301.99,2955.55,2592.88,922.95,672.74,2895.97,4194.6,2963.18,5327.98,2090.16,771.0,5825.58,1662.5,5045.77,6553.52,5058.07,13692.21,6757.53,731.26,2300.72,2160.8,226.08,4810.87,6773.95,6087.52,2292.45,557.59,796.93,3193.39,1330.66,2922.78,2794.85,3628.15
782.35,1301.56,2954.74,2593.05,922.69,672.57,2896.01,4194.32,2961.03,5325.38,2089.48,770.99,5806.26,1662.76,5044.56,6552.72,5057.18,13694.98,6757.02,731.22,2299.79,2157.81,226.0,4809.91,6773.4,6084.79,2292.15,557.6,796.87,3194.04,1330.93,2923.02,2795.67,3627.81
783.11,1301.17,2954.88,2594.21,922.42,672.67,2895.95,4195.9,2960.79,5325.07,2089.43,770.97,5796.89,1662.8,5043.91,6550.96,5057.56,13695.99,6760.1,731.08,2300.02,2158.25,226.04,4809.94,6771.92,6083.98,2292.75,557.6,796.4,3194.16,1330.83,2921.69,2795.37,3627.21
783.23,1300.02,2955.05,2594.97,922.4,672.49,2895.87,4195.55,2960.28,5324.0,2089.28,770.92,5794.47,1662.67,5042.6,6549.34,5055.8,13696.15,6762.21,730.96,2300.65,2157.0,226.05,4810.12,6770.91,6081.25,2293.61,557.33,795.97,3193.78,1330.65,2922.5,2796.06,3625.87
783.05,1299.47,2953.39,2593.67,921.75,672.28,2894.21,4194.13,2959.82,5320.07,2087.96,770.6,5792.42,1661.95,5039.69,6546.17,5051.56,13693.7,6758.22,730.63,2299.26,2156.26,225.84,4808.73,6770.29,6078.53,2292.39,557.15,795.94,3192.85,1330.41,2920.99,2795.19,3624.6
783.05,1300.65,2953.9,2593.75,922.24,672.62,2895.1,4192.61,2961.75,5322.34,2088.56,770.65,5796.23,1662.23,5038.88,6545.9,5050.13,13686.42,6758.06,730.97,2299.2,2157.45,225.77,4808.77,6770.33,6078.81,2292.07,557.12,796.17,3192.12,1330.32,2921.36,2795.23,3625.1
783.06,1302.96,2954.32,2593.25,922.48,672.98,2895.67,4192.39,2970.19,5324.51,2088.98,770.97,5805.36,1662.42,5041.75,6546.96,5053.21,13688.8,6756.94,731.42,2299.92,2159.02,225.71,4808.68,6769.88,6081.72,2291.7,557.2,796.73,3193.22,1330.28,2921.85,2794.98,3625.73
782.75,1302.25,2954.42,2593.35,922.44,672.98,2895.78,4191.01,2970.3,5324.28,2089.03,770.76,5802.2,1662.52,5041.44,6547.24,5053.42,13687.55,6756.19,731.36,2299.66,2157.79,225.69,4807.73,6769.51,6080.37,2291.62,557.22,796.58,3193.11,1330.29,2921.51,2794.48,3625.91
782.94,1301.64,2954.9,2593.69,922.42,672.8,2895.6,4190.78,2970.31,5324.16,2089.05,770.8,5808.01,1662.68,5041.36,6547.67,5053.25,13688.26,6758.07,731.31,2299.87,2158.03,225.71,4807.96,6769.85,6080.28,2291.96,557.2,796.87,3192.93,1330.5,2921.41,2794.37,3626.93
783.0,1302.34,2955.5,2594.04,922.43,672.81,2897.54,4192.19,2970.48,5326.3,2090.58,771.35,5814.37,1663.8,5045.67,6553.01,5056.03,13692.37,6762.98,731.87,2300.04,2158.71,225.73,4807.96,6772.76,6085.02,2292.41,557.78,797.42,3195.16,1330.86,2922.3,2794.88,3628.58
783.42,1303.17,2958.23,2595.55,922.91,673.31,2900.95,4195.18,2972.59,5330.9,2092.2,771.77,5815.33,1664.45,5049.85,6559.31,5060.32,13701.51,6765.38,732.13,2301.41,2159.45,225.85,4812.54,6777.72,6090.07,2293.62,558.0,797.77,3196.51,1331.76,2923.24,2796.77,3630.41
783.36,1302.46,2957.43,2594.75,923.15,673.06,2900.24,4194.32,2970.67,5332.01,2092.3,771.6,5814.04,1664.32,5049.16,6558.43,5057.26,13699.36,6761.45,731.62,2300.74,2158.63,225.79,4812.16,6777.68,6086.12,2293.05,557.69,797.54,3195.06,1330.78,2921.7,2795.96,3629.24
783.3,1302.72,2957.26,2594.28,923.01,673.1,2900.07,4193.03,2971.65,5330.23,2092.02,771.21,5812.92,1664.34,5050.52,6558.3,5059.06,13699.78,6762.11,731.75,2300.55,2156.42,225.81,4811.2,6776.99,6086.34,2293.82,557.81,798.19,3195.3,1331.03,2921.74,2795.34,3629.79
783.39,1302.4,2957.27,2594.55,922.95,673.17,2901.14,4192.16,2971.77,5331.97,2092.07,771.26,5818.78,1664.43,5050.83,6559.53,5058.6,13698.23,6760.27,731.78,2300.57,2155.87,225.75,4810.92,6776.33,6088.02,2293.56,557.77,798.09,3194.87,1330.98,2920.0,2795.4,3630.29
783.39,1302.09,2957.17,2595.25,923.2,673.06,2901.37,4192.71,2971.76,5328.36,2092.22,771.24,5814.1,1664.51,5050.21,6559.18,5058.93,13699.89,6760.7,731.88,2301.1,2156.86,225.79,4810.35,6776.65,6085.94,2293.93,557.98,798.23,3195.13,1331.18,2922.41,2795.84,3630.27
783.36,1301.97,2956.85,2595.51,923.01,673.41,2899.64,4193.15,2971.86,5328.1,2091.2,770.9,5799.61,1664.26,5047.68,6555.64,5057.16,13693.89,6760.4,732.06,2301.41,2157.41,225.78,4809.9,6776.61,6086.55,2293.99,558.09,798.25,3195.49,1331.14,2922.14,2795.91,3630.44
783.49,1302.29,2957.99,2595.95,923.1,673.47,2900.47,4193.72,2973.16,5329.0,2091.9,771.16,5805.46,1664.6,5049.57,6558.89,5058.06,13693.61,6759.14,732.43,2301.98,2156.75,225.79,4811.5,6778.61,6088.18,2294.49,558.15,798.61,3195.47,1331.72,2922.22,2796.5,3630.2
783.67,1305.36,2959.13,2596.11,923.14,673.2,2900.98,4193.34,2974.46,5330.96,2092.5,771.23,5805.44,1665.3,5050.22,6560.64,5058.83,13694.36,6762.52,732.19,2301.97,2157.88,225.78,4812.28,6777.36,6088.56,2294.36,558.07,798.54,3196.42,1331.61,2922.47,2797.02,3631.16
784.52,1305.26,2960.13,2597.02,923.17,673.64,2901.18,4193.37,2975.1,5332.25,2093.45,771.68,5804.69,1665.52,5050.3,6558.43,5060.19,13692.39,6761.74,732.56,2302.7,2158.71,225.83,4813.79,6775.05,6090.54,2294.55,558.25,798.68,3196.8,1331.95,2922.74,2796.91,3630.76
784.68,1304.4,2960.22,2597.51,923.42,673.42,2900.11,4194.9,2973.47,5331.09,2092.83,771.54,5793.48,1665.34,5051.27,6559.12,5060.02,13690.0,6758.86,732.47,2303.12,2156.8,225.75,4813.02,6777.43,6091.44,2295.04,558.54,798.82,3198.15,1332.44,2922.97,2797.58,3631.23
784.83,1304.98,2960.14,2597.53,923.43,673.66,2900.7,4196.26,2974.78,5328.68,2092.54,771.81,5787.66,1665.78,5051.08,6559.76,5059.45,13690.24,6759.47,732.67,2303.22,2157.51,225.83,4813.41,6778.37,6095.35,2295.07,558.6,799.26,3198.44,1332.73,2923.64,2797.59,3631.29
784.11,1304.5,2958.12,2596.91,923.0,673.21,2899.03,4194.07,2974.33,5329.17,2090.69,771.38,5786.81,1664.95,5048.3,6557.2,5058.04,13688.74,6759.39,732.28,2301.84,2156.8,225.73,4813.68,6778.32,6089.61,2294.45,558.24,798.02,3196.15,1331.58,2921.36,2796.85,3630.4
784.57,1305.53,2959.72,2598.59,923.22,673.69,2900.76,4195.51,2974.51,5327.85,2092.47,771.67,5792.07,1665.37,5050.8,6560.23,5058.23,13690.35,6762.15,732.75,2302.9,2157.51,225.77,4814.99,6779.77,6095.66,2294.33,558.51,799.08,3197.7,1332.3,2923.49,2797.51,3631.13
784.45,1305.17,2959.9,2598.64,923.71,673.73,2901.58,4194.83,2975.36,5330.79,2092.45,771.82,5797.19,1666.11,5050.68,6559.99,5059.96,13692.47,6762.75,732.66,2302.7,2158.03,225.74,4815.65,6780.48,6096.09,2293.76,558.53,798.9,3196.16,1331.76,2923.61,2797.6,3632.03
784.47,1306.47,2960.91,2598.47,924.04,673.7,2902.92,4195.27,2976.2,5334.41,2093.52,772.21,5807.99,1666.88,5053.26,6563.73,5060.93,13695.17,6759.79,732.77,2303.25,2160.07,225.77,4818.28,6782.2,6099.31,2294.45,558.7,799.57,3197.45,1332.2,2923.29,2797.37,3632.73
784.68,1307.19,2961.35,2598.62,924.98,673.85,2903.66,4193.56,2977.89,5335.09,2094.36,772.77,5807.81,1667.81,5054.22,6566.21,5058.66,13699.39,6765.02,732.96,2303.01,2159.19,225.73,4818.95,6786.51,6102.57,2294.79,559.04,800.15,3199.49,1332.61,2921.67,2799.51,3633.63
784.72,1306.35,2961.3,2597.88,924.66,673.54,2903.4,4195.09,2974.7,5333.18,2094.68,772.02,5811.24,1666.86,5053.65,6565.75,5057.92,13696.9,6762.97,733.18,2300.69,2154.54,225.49,4820.02,6781.86,6098.55,2293.72,558.93,799.62,3196.59,1331.93,2919.08,2798.02,3633.11
784.72,1306.35,2961.3,2597.88,924.66,673.54,2903.4,4195.09,2974.7,5333.18,2094.68,772.02,5811.24,1666.86,5053.65,6565.75,5057.92,13696.9,6762.97,733.18,2300.69,2154.54,225.49,4820.02,6781.86,6098.55,2293.72,558.93,799.62,3196.59,1331.93,2919.08,2798.02,3633.11
784.72,1306.35,2961.3,2597.88,924.66,673.54,2903.4,4195.09,2974.7,5333.18,2094.68,772.02,5811.24,1666.86,5053.65,6565.75,5057.92,13696.9,6762.97,733.18,2300.69,2154.54,225.49,4820.02,6781.86,6098.55,2293.72,558.93,799.62,3196.59,1331.93,2919.08,2798.02,3633.11
784.72,1306.35,2961.3,2597.88,924.66,673.54,2903.4,4195.09,2974.7,5333.18,2094.68,772.02,5811.24,1666.86,5053.65,6565.75,5057.92,13696.9,6762.97,733.18,2300.69,2154.54,225.49,4820.02,6781.86,6098.55,2293.72,558.93,799.62,3196.59,1331.93,2919.08,2798.02,3633.11
784.72,1306.35,2961.3,2597.88,924.66,673.54,2903.4,4195.09,2974.7,5333.18,2094.68,772.02,5811.24,1666.86,5053.65,6565.75,5057.92,13696.9,6762.97,733.18,2300.69,2154.54,225.49,4820.02,6781.86,6098.55,2293.72,558.93,799.62,3196.59,1331.93,2919.08,2798.02,3633.11
784.59,1305.62,2954.69,2593.09,922.78,671.86,2900.32,4197.2,2974.14,5317.68,2091.58,770.66,5775.74,1662.67,5039.88,6555.94,5052.66,13682.49,6757.6,730.46,2295.51,2148.73,224.98,4806.83,6771.86,6100.43,2292.01,559.03,798.84,3196.02,1331.98,2913.7,2802.41,3629.03
784.59,1305.62,2954.69,2593.09,922.78,671.86,2900.32,4197.2,2974.14,5317.68,2091.58,770.66,5775.74,1662.67,5039.88,6555.94,5052.66,13682.49,6757.6,730.46,2295.51,2148.73,224.98,4806.83,6771.86,6100.43,2292.01,559.03,798.84,3196.02,1331.98,2913.7,2802.41,3629.03
